TEAM,FGM,FGA,FG%,3PM,3PA,3P%,FTM,FTA,FT%,2PM,2PA,2P%,SC-EFF,SH-EFF,PLAYERS
Atlanta Hawks ,8.5,19.6,43.2,3.4,9.0,37.7,6.8,7.9,85.5,5.1,10.6,47.7,1.381,0.52,Trae Young
Atlanta Hawks ,8.3,17.7,46.6,2.3,6.2,37.2,2.9,3.4,83.1,5.9,11.5,51.7,1.225,0.53,Dejounte Murray
Atlanta Hawks ,6.0,14.0,42.6,3.1,8.4,36.7,1.7,1.9,90.8,2.9,5.6,51.4,1.196,0.54,Bogdan Bogdanovic
Atlanta Hawks ,6.2,11.9,52.5,1.2,3.4,36.6,2.0,2.6,74.8,5.0,8.5,58.7,1.320,0.58,Jalen Johnson
Atlanta Hawks ,4.9,10.4,47.0,1.9,4.6,41.0,2.7,3.1,87.8,3.0,5.8,51.8,1.384,0.56,De'Andre Hunter
Atlanta Hawks ,4.6,10.8,42.2,1.8,5.7,32.0,2.7,3.2,83.1,2.8,5.1,53.6,1.258,0.51,Saddiq Bey
Atlanta Hawks ,4.8,8.4,57.5,0.0,0.0,0.0,1.8,2.8,64.9,4.8,8.4,57.5,1.365,0.57,Clint Capela
Atlanta Hawks ,4.0,6.6,60.9,0.4,1.2,34.4,1.8,2.2,80.5,3.6,5.4,67.0,1.548,0.64,Onyeka Okongwu
Atlanta Hawks ,1.4,2.6,56.1,0.0,0.2,0.0,1.0,1.8,57.1,1.4,2.4,60.5,1.512,0.56,Bruno Fernando
Atlanta Hawks ,1.2,2.6,46.9,1.1,2.4,45.5,0.3,0.4,66.7,0.1,0.2,62.5,1.458,0.68,Garrison Mathews
Atlanta Hawks ,1.0,2.7,37.3,0.7,1.8,38.2,0.0,0.0,0.0,0.3,0.9,35.3,1.000,0.50,Patty Mills
Atlanta Hawks ,0.6,2.2,28.3,0.4,1.7,25.0,0.7,0.9,73.7,0.2,0.5,40.0,1.065,0.38,Wesley Matthews
Atlanta Hawks ,0.7,2.5,28.9,0.5,1.8,27.3,0.1,0.1,100.0,0.2,0.7,33.3,0.822,0.39,AJ Griffin
Atlanta Hawks ,0.8,2.4,31.9,0.1,0.4,28.6,0.4,0.5,80.0,0.7,2.0,32.5,0.851,0.34,Trent Forrest
Atlanta Hawks ,0.5,2.0,25.0,0.5,1.5,33.3,0.3,0.5,50.0,0.0,0.5,0.0,0.875,0.38,Kobe Bufkin
Atlanta Hawks ,0.4,1.9,23.5,0.3,1.4,23.1,0.3,0.4,75.0,0.1,0.4,25.0,0.824,0.32,Seth Lundy
Atlanta Hawks ,0.0,0.5,0.0,0.0,0.5,0.0,0.0,0.0,0.0,0.0,0.0,0.0,0.000,0.00,Mouhamed Gueye
Boston Celtics ,9.2,19.4,47.4,3.0,8.4,36.2,5.6,6.8,82.0,6.2,11.0,56.0,1.392,0.55,Jayson Tatum
Boston Celtics ,8.6,17.3,49.5,2.0,5.7,34.5,3.0,4.1,71.9,6.6,11.6,56.9,1.277,0.55,Jaylen Brown
Boston Celtics ,6.8,12.9,52.9,1.8,5.1,36.0,4.9,5.8,84.5,5.0,7.8,63.7,1.579,0.60,Kristaps Porzingis
Boston Celtics ,5.3,11.6,45.6,2.6,6.7,39.1,2.1,2.4,88.8,2.7,5.0,54.3,1.318,0.57,Derrick White
Boston Celtics ,5.0,10.7,47.2,2.1,4.8,43.9,1.1,1.4,83.3,3.0,5.9,49.8,1.246,0.57,Jrue Holiday
Boston Celtics ,2.8,6.3,44.1,2.2,5.4,41.0,0.3,0.3,88.2,0.6,0.9,63.0,1.280,0.62,Sam Hauser
Boston Celtics ,2.8,6.6,42.8,1.7,4.5,37.3,0.6,0.7,81.1,1.2,2.1,54.5,1.195,0.55,Payton Pritchard
Boston Celtics ,2.9,6.2,47.2,1.6,4.1,40.2,0.3,0.4,83.3,1.3,2.1,60.9,1.266,0.61,Al Horford
Boston Celtics ,2.1,3.0,67.9,0.0,0.0,0.0,0.8,0.8,90.3,2.1,3.0,67.9,1.607,0.68,Luke Kornet
Boston Celtics ,2.0,3.4,60.8,0.0,0.0,0.0,0.7,0.9,75.0,2.0,3.4,60.8,1.419,0.61,Neemias Queta
Boston Celtics ,1.3,2.8,45.7,0.3,1.1,28.9,0.9,1.3,69.8,0.9,1.6,57.1,1.351,0.52,Oshae Brissett
Boston Celtics ,1.0,1.0,100.0,1.0,1.0,100.0,0.0,0.0,0.0,0.0,0.0,0.0,3.000,1.50,Drew Peterson
Boston Celtics ,1.1,2.4,46.7,0.2,0.4,37.5,0.4,0.6,72.7,0.9,1.9,48.6,1.178,0.50,Lamar Stevens
Boston Celtics ,1.0,2.9,33.3,0.7,2.4,30.8,0.1,0.3,50.0,0.2,0.5,45.5,0.968,0.46,Svi Mykhailiuk
Boston Celtics ,0.8,2.1,37.3,0.1,0.7,12.5,0.7,0.8,80.0,0.7,1.5,48.6,1.098,0.39,Dalano Banton G
Boston Celtics ,0.0,0.5,0.0,0.0,0.5,0.0,1.0,1.0,100.0,0.0,0.0,0.0,2.000,0.00,JD Davison
Boston Celtics ,0.3,0.7,50.0,0.0,0.3,0.0,0.0,0.0,0.0,0.3,0.3,100.0,1.000,0.50,Jordan Walsh
Brooklyn Nets ,7.7,16.9,45.3,2.6,6.9,37.2,3.9,4.8,82.6,5.1,10.0,50.9,1.289,0.53,Mikal Bridges
Brooklyn Nets ,7.7,17.4,44.1,2.0,5.5,36.1,4.0,4.8,83.6,5.7,11.9,47.9,1.228,0.50,Cam Thomas
Brooklyn Nets ,6.0,13.0,46.2,3.0,5.0,60.0,0.0,0.0,0.0,3.0,8.0,37.5,1.154,0.58,Dennis Schroder PG
Brooklyn Nets ,5.2,11.3,45.8,2.5,6.2,40.1,1.2,1.6,74.2,2.7,5.1,52.7,1.238,0.57,Cameron Johnson
Brooklyn Nets ,4.1,10.4,39.1,1.9,5.8,32.0,2.6,3.3,78.1,2.2,4.6,48.0,1.210,0.48,Spencer Dinwiddie
Brooklyn Nets ,5.4,8.7,62.5,0.0,0.1,25.0,1.5,2.6,57.3,5.4,8.6,62.9,1.425,0.63,Nic Claxton
Brooklyn Nets ,4.3,9.0,47.4,2.1,4.9,43.3,1.0,1.3,76.7,2.1,4.1,52.3,1.300,0.59,Lonnie Walker IV
Brooklyn Nets ,3.3,8.0,41.0,2.1,5.4,38.0,0.3,0.5,63.6,1.2,2.6,47.3,1.119,0.54,Dorian Finney-Smith
Brooklyn Nets ,2.0,5.5,36.4,1.5,2.5,60.0,2.0,2.0,100.0,0.5,3.0,16.7,1.364,0.50,Keon Johnson
Brooklyn Nets ,3.0,5.2,57.5,0.0,0.2,14.3,1.5,2.4,61.4,3.0,5.0,59.1,1.435,0.58,Day'Ron Sharpe
Brooklyn Nets ,2.6,6.6,38.8,2.0,5.4,36.6,0.3,0.4,68.2,0.6,1.2,48.3,1.120,0.54,Royce O'Neale PF
Brooklyn Nets ,3.0,6.8,44.4,0.5,1.9,28.4,0.9,1.1,78.0,2.5,4.9,50.6,1.099,0.48,Dennis Smith Jr.
Brooklyn Nets ,3.4,5.4,62.7,0.0,0.0,0.0,0.3,0.7,37.5,3.4,5.4,62.7,1.305,0.63,Ben Simmons
Brooklyn Nets ,2.3,4.3,53.5,0.3,0.9,34.4,0.8,1.0,86.1,2.0,3.4,58.3,1.333,0.57,Trendon Watford
Brooklyn Nets ,1.8,3.6,49.0,0.6,1.2,47.1,1.2,1.4,89.5,1.2,2.4,50.0,1.471,0.57,Jalen Wilson
Brooklyn Nets ,1.8,3.0,61.1,0.2,0.7,25.0,1.0,1.0,100.0,1.7,2.3,71.4,1.611,0.64,Noah Clowney
Brooklyn Nets ,1.5,4.6,32.6,1.1,3.2,34.4,0.1,0.2,50.0,0.4,1.4,28.6,0.913,0.45,Armoni Brooks
Brooklyn Nets ,1.4,2.8,50.0,0.2,0.7,27.3,0.4,0.8,53.8,1.2,2.1,57.6,1.227,0.53,Harry Giles III
Brooklyn Nets ,1.0,1.0,100.0,0.0,0.0,0.0,0.0,0.0,0.0,1.0,1.0,100.0,2.000,1.00,Keita Bates-Diop SF
Brooklyn Nets ,0.5,2.5,20.0,0.0,1.5,0.0,0.5,1.0,50.0,0.5,1.0,50.0,0.600,0.20,Dariq Whitehead
Charlotte Hornets ,8.3,19.2,43.3,3.2,9.0,35.5,4.1,4.7,86.5,5.1,10.3,50.0,1.243,0.52,LaMelo Ball
Charlotte Hornets ,8.4,18.3,45.9,2.8,7.7,35.8,3.6,4.3,84.5,5.6,10.6,53.3,1.268,0.53,Terry Rozier SG
Charlotte Hornets ,8.2,17.8,46.4,2.5,6.6,37.3,2.7,3.2,85.5,5.8,11.2,51.7,1.219,0.53,Miles Bridges
Charlotte Hornets ,8.0,13.0,61.5,2.0,3.0,66.7,0.0,0.0,0.0,6.0,10.0,60.0,1.385,0.69,Vasilije Micic G
Charlotte Hornets ,6.2,14.0,44.4,2.3,6.0,38.4,1.8,2.2,82.4,3.9,8.0,48.9,1.184,0.53,Brandon Miller
Charlotte Hornets ,5.0,11.0,45.5,3.0,6.0,50.0,2.0,2.0,100.0,2.0,5.0,40.0,1.364,0.59,Grant Williams PF
Charlotte Hornets ,5.6,11.9,46.8,0.9,2.4,36.1,2.5,3.2,76.5,4.7,9.4,49.6,1.219,0.51,Gordon Hayward
Charlotte Hornets ,5.2,11.6,44.6,1.8,5.5,32.4,1.5,2.1,71.3,3.4,6.0,55.8,1.179,0.52,P.J. Washington PF
Charlotte Hornets ,5.2,7.9,64.9,0.0,0.0,0.0,2.4,3.4,71.9,5.2,7.9,64.9,1.603,0.65,Mark Williams
Charlotte Hornets ,3.7,5.5,67.8,0.0,0.0,0.0,2.1,2.9,74.2,3.7,5.5,67.8,1.746,0.68,Nick Richards
Charlotte Hornets ,3.0,5.0,60.0,3.0,5.0,60.0,0.0,0.0,0.0,0.0,0.0,0.0,1.800,0.90,Davis Bertans SF
Charlotte Hornets ,4.0,11.0,36.4,1.0,5.0,20.0,0.0,0.0,0.0,3.0,6.0,50.0,0.818,0.41,Tre Mann PG
Charlotte Hornets ,2.9,7.8,37.4,1.1,3.1,33.9,0.8,1.4,53.6,1.9,4.7,39.8,0.981,0.44,Cody Martin
Charlotte Hornets ,2.4,6.0,40.6,1.4,3.1,45.1,0.3,0.4,84.6,1.0,2.9,35.6,1.097,0.52,Nick Smith Jr.
Charlotte Hornets ,2.0,4.3,45.9,0.7,2.0,35.7,1.0,1.4,75.4,1.3,2.3,54.6,1.320,0.54,Bryce McGowens
Charlotte Hornets ,1.5,5.1,28.8,0.4,2.3,16.7,0.8,0.9,91.7,1.1,2.8,38.9,0.818,0.33,Theo Maledon PG
Charlotte Hornets ,1.3,2.9,43.9,0.9,2.1,43.3,0.1,0.1,50.0,0.4,0.8,45.5,1.220,0.60,James Bouknight
Charlotte Hornets ,1.5,3.7,41.8,0.1,0.2,50.0,0.1,0.1,75.0,1.4,3.5,41.3,0.880,0.43,Ish Smith
Charlotte Hornets ,1.2,3.3,36.7,0.5,1.4,31.7,0.2,0.3,53.8,0.8,1.9,40.5,0.921,0.44,JT Thor
Charlotte Hornets ,1.0,3.0,33.3,1.0,3.0,33.3,0.0,0.0,0.0,0.0,0.0,0.0,1.000,0.50,Seth Curry SG
Charlotte Hornets ,0.8,1.8,43.6,0.3,0.7,46.7,0.4,0.6,64.3,0.5,1.1,41.7,1.282,0.53,Leaky Black
Charlotte Hornets ,0.7,2.3,28.6,0.0,1.0,0.0,0.3,0.7,50.0,0.7,1.3,50.0,0.714,0.29,Amari Bailey
Charlotte Hornets ,0.5,1.1,42.9,0.0,0.0,0.0,0.4,0.5,75.0,0.5,1.1,42.9,1.179,0.43,Nathan Mensah
Charlotte Hornets ,0.2,1.8,11.1,0.2,1.6,12.5,0.4,0.4,100.0,0.0,0.2,0.0,0.556,0.17,Frank Ntilikina
Chicago Bulls ,7.8,16.6,46.8,1.0,2.8,34.0,6.0,7.1,85.3,6.8,13.8,49.4,1.357,0.50,DeMar DeRozan
Chicago Bulls ,6.8,15.0,45.2,2.4,6.8,34.9,3.5,4.1,85.4,4.4,8.3,53.6,1.295,0.53,Zach LaVine
Chicago Bulls ,6.9,15.0,45.9,2.8,7.2,39.5,2.7,3.2,82.6,4.1,7.8,51.8,1.286,0.55,Coby White
Chicago Bulls ,7.5,15.8,47.6,1.1,4.2,27.5,1.4,1.6,86.7,6.4,11.6,54.8,1.110,0.51,Nikola Vucevic
Chicago Bulls ,3.7,8.3,44.3,1.4,3.4,39.9,1.2,1.5,78.8,2.3,4.9,47.4,1.195,0.53,Patrick Williams
Chicago Bulls ,3.4,7.1,48.2,1.7,4.3,39.9,1.2,1.5,77.5,1.7,2.8,60.8,1.372,0.60,Alex Caruso
Chicago Bulls ,3.8,7.6,50.0,1.3,3.2,39.8,0.9,1.2,78.0,2.5,4.4,57.3,1.285,0.58,Ayo Dosunmu
Chicago Bulls ,3.3,5.9,56.3,0.0,0.0,0.0,1.5,2.6,55.0,3.3,5.8,56.6,1.373,0.56,Andre Drummond
Chicago Bulls ,2.1,5.0,41.7,1.1,2.9,36.7,0.6,0.8,80.0,1.0,2.1,48.5,1.173,0.52,Torrey Craig
Chicago Bulls ,2.0,5.3,37.0,1.1,3.4,33.5,0.1,0.1,60.0,0.8,1.9,43.2,0.966,0.48,Jevon Carter
Chicago Bulls ,1.0,1.0,100.0,0.0,0.0,0.0,0.7,1.0,66.7,1.0,1.0,100.0,2.667,1.00,Adama Sanogo
Chicago Bulls ,0.8,2.2,37.5,0.3,1.2,22.0,0.5,0.7,72.7,0.5,0.9,58.1,1.097,0.44,Dalen Terry
Chicago Bulls ,0.8,1.6,53.6,0.1,0.4,14.3,0.1,0.1,100.0,0.8,1.2,66.7,1.143,0.55,Terry Taylor
Chicago Bulls ,0.6,1.5,40.9,0.2,0.8,21.7,0.2,0.4,54.5,0.4,0.7,61.9,1.068,0.47,Julian Phillips
Chicago Bulls ,0.0,0.0,0.0,0.0,0.0,0.0,0.0,0.0,0.0,0.0,0.0,0.0,0.000,0.00,Onuralp Bitim
Cleveland Cavaliers ,9.9,20.9,47.5,3.3,9.2,36.1,5.0,5.8,86.4,6.6,11.7,56.5,1.349,0.55,Donovan Mitchell
Cleveland Cavaliers ,6.7,14.3,46.9,1.6,4.9,32.6,3.3,3.9,85.7,5.1,9.4,54.3,1.282,0.52,Darius Garland
Cleveland Cavaliers ,6.7,11.5,58.3,0.3,0.8,38.1,2.3,3.0,77.1,6.4,10.7,59.7,1.389,0.60,Evan Mobley
Cleveland Cavaliers ,6.4,9.9,64.4,0.0,0.1,0.0,2.8,3.7,74.7,6.4,9.8,65.0,1.567,0.64,Jarrett Allen
Cleveland Cavaliers ,5.4,12.5,42.8,1.8,5.1,34.1,2.2,3.0,74.8,3.6,7.4,48.8,1.175,0.50,Caris LeVert
Cleveland Cavaliers ,4.5,10.9,40.8,2.4,7.2,33.8,1.0,1.3,78.1,2.0,3.7,54.5,1.129,0.52,Max Strus
Cleveland Cavaliers ,3.4,7.7,43.4,1.7,4.8,35.8,0.6,0.7,86.8,1.6,2.9,56.1,1.175,0.55,Georges Niang
Cleveland Cavaliers ,3.2,6.5,49.4,1.0,2.5,38.1,1.5,2.2,67.7,2.2,4.0,56.6,1.369,0.57,Isaac Okoro
Cleveland Cavaliers ,2.8,6.3,44.1,2.4,5.4,44.4,0.3,0.3,90.9,0.4,0.9,41.9,1.308,0.63,Sam Merrill
Cleveland Cavaliers ,2.6,5.2,50.9,0.2,0.7,33.3,1.0,1.4,69.6,2.4,4.5,53.5,1.255,0.53,Craig Porter
Cleveland Cavaliers ,1.8,4.5,41.1,1.5,3.9,39.8,0.3,0.4,78.9,0.3,0.6,50.0,1.244,0.58,Dean Wade
Cleveland Cavaliers ,1.7,2.6,65.6,0.0,0.0,0.0,0.4,1.2,31.0,1.7,2.6,66.3,1.452,0.66,Tristan Thompson
Cleveland Cavaliers ,1.0,2.0,50.0,0.0,0.5,0.0,0.0,0.0,0.0,1.0,1.5,66.7,1.000,0.50,Ty Jerome
Cleveland Cavaliers ,0.7,1.3,53.1,0.1,0.3,28.6,0.4,0.4,90.9,0.6,1.0,60.0,1.438,0.56,Damian Jones
Cleveland Cavaliers ,0.6,2.5,24.0,0.5,2.0,25.0,0.1,0.2,50.0,0.1,0.5,20.0,0.720,0.34,Emoni Bates
Cleveland Cavaliers ,0.7,1.3,50.0,0.3,0.7,50.0,0.0,0.0,0.0,0.3,0.7,50.0,1.250,0.63,Isaiah Mobley
Cleveland Cavaliers ,0.0,1.0,0.0,0.0,0.0,0.0,0.0,0.0,0.0,0.0,1.0,0.0,0.000,0.00,Pete Nance
Dallas Mavericks ,11.6,23.7,49.1,4.0,10.4,38.0,7.3,9.4,77.6,7.7,13.3,57.7,1.457,0.57,Luka Doncic
Dallas Mavericks ,9.5,19.6,48.3,2.9,7.0,41.7,3.4,3.8,88.9,6.5,12.6,51.9,1.285,0.56,Kyrie Irving
Dallas Mavericks ,7.0,11.0,63.6,0.0,0.0,0.0,5.0,6.0,83.3,7.0,11.0,63.6,1.727,0.64,Daniel Gafford C
Dallas Mavericks ,6.0,14.4,41.9,3.2,8.8,36.8,2.4,2.8,87.7,2.8,5.7,49.8,1.229,0.53,Tim Hardaway Jr.
Dallas Mavericks ,6.0,10.0,60.0,1.0,4.0,25.0,1.0,2.0,50.0,5.0,6.0,83.3,1.400,0.65,P.J. Washington PF
Dallas Mavericks ,3.6,7.4,48.9,1.3,3.7,34.3,1.4,1.9,74.4,2.4,3.7,63.5,1.337,0.57,Derrick Jones Jr.
Dallas Mavericks ,3.6,6.3,57.1,1.0,2.0,47.7,1.0,1.4,72.7,2.7,4.3,61.6,1.453,0.65,Dante Exum
Dallas Mavericks ,4.2,5.6,73.9,0.0,0.1,0.0,0.9,1.6,54.4,4.2,5.6,74.6,1.631,0.74,Dereck Lively II
Dallas Mavericks ,3.4,7.0,48.4,1.5,3.6,40.6,0.8,1.2,66.0,1.9,3.4,56.6,1.287,0.59,Josh Green
Dallas Mavericks ,2.8,6.7,41.3,1.7,4.5,37.6,0.9,1.2,74.5,1.1,2.3,48.6,1.205,0.54,Grant Williams PF
Dallas Mavericks ,3.0,7.3,40.5,1.4,3.8,36.7,0.8,1.1,71.7,1.6,3.6,44.4,1.105,0.50,Jaden Hardy
Dallas Mavericks ,2.0,4.3,46.8,0.9,2.5,35.6,0.8,1.2,68.2,1.1,1.8,62.5,1.338,0.57,Maxi Kleber
Dallas Mavericks ,2.5,4.8,52.6,0.3,2.0,12.5,0.3,0.8,33.3,2.3,2.8,81.8,1.158,0.55,Dexter Dennis
Dallas Mavericks ,1.5,4.0,37.2,0.8,2.2,36.3,0.5,0.5,89.5,0.7,1.8,38.5,1.062,0.47,Seth Curry SG
Dallas Mavericks ,1.4,2.0,71.0,0.0,0.0,50.0,1.3,1.8,72.8,1.4,2.0,71.4,2.065,0.72,Dwight Powell
Dallas Mavericks ,1.6,3.3,47.0,0.5,1.6,32.5,0.5,0.8,63.2,1.0,1.7,60.5,1.241,0.55,A.J. Lawson
Dallas Mavericks ,1.4,2.6,55.9,0.0,0.0,0.0,0.5,0.9,57.1,1.4,2.6,55.9,1.322,0.56,Richaun Holmes
Dallas Mavericks ,0.9,2.5,34.8,0.3,1.2,24.2,0.8,1.2,67.6,0.6,1.3,44.4,1.145,0.41,Olivier-Maxence Prosper
Dallas Mavericks ,0.9,2.9,32.7,0.6,1.8,33.3,0.2,0.2,75.0,0.4,1.1,31.6,0.918,0.43,Markieff Morris
Dallas Mavericks ,0.8,1.8,45.5,0.2,0.5,33.3,0.7,1.5,44.4,0.7,1.3,50.0,1.364,0.50,Greg Brown III
Dallas Mavericks ,0.8,2.0,40.0,0.2,0.6,33.3,0.6,1.1,54.5,0.6,1.4,42.9,1.200,0.45,Brandon Williams
Denver Nuggets ,10.2,17.5,58.3,1.1,2.9,36.5,4.7,5.7,81.9,9.2,14.6,62.7,1.495,0.61,Nikola Jokic
Denver Nuggets ,7.9,16.7,47.0,2.5,6.0,41.2,2.7,3.2,84.9,5.4,10.8,50.2,1.251,0.54,Jamal Murray
Denver Nuggets ,6.2,13.0,47.3,2.7,6.8,39.6,1.0,1.2,78.1,3.4,6.2,55.9,1.229,0.58,Michael Porter Jr.
Denver Nuggets ,5.4,9.8,54.5,0.6,1.8,30.2,2.3,3.7,62.4,4.8,8.0,60.1,1.381,0.57,Aaron Gordon
Denver Nuggets ,4.3,9.5,45.7,1.3,3.5,37.3,1.0,1.3,77.6,3.0,6.0,50.6,1.156,0.53,Reggie Jackson
Denver Nuggets ,3.6,8.0,44.6,1.5,3.9,38.1,1.7,1.8,92.0,2.1,4.1,50.7,1.285,0.54,Kentavious Caldwell-Pope
Denver Nuggets ,2.5,5.7,44.7,0.7,1.8,36.8,1.2,1.7,74.2,1.9,3.9,48.3,1.228,0.50,Christian Braun
Denver Nuggets ,2.7,5.6,47.9,0.7,2.1,33.6,0.9,1.4,69.6,2.0,3.5,56.5,1.254,0.54,Peyton Watson
Denver Nuggets ,2.2,5.7,38.3,1.1,3.5,31.7,0.5,0.7,69.6,1.1,2.1,49.3,1.047,0.48,Julian Strawther
Denver Nuggets ,1.7,2.7,63.2,0.0,0.0,0.0,0.8,1.7,44.7,1.7,2.7,63.2,1.539,0.63,DeAndre Jordan
Denver Nuggets ,1.4,2.9,47.1,0.8,2.0,41.0,0.0,0.1,50.0,0.5,0.9,61.5,1.241,0.61,Justin Holiday
Denver Nuggets ,1.2,2.6,44.9,0.1,0.5,27.8,0.7,1.1,65.1,1.0,2.1,48.8,1.235,0.47,Zeke Nnaji
Denver Nuggets ,0.8,1.7,48.1,0.3,0.9,28.6,0.3,0.4,71.4,0.6,0.8,69.2,1.296,0.56,Collin Gillespie
Denver Nuggets ,0.8,1.8,42.9,0.4,1.3,35.0,0.1,0.1,100.0,0.3,0.5,62.5,1.179,0.55,Jalen Pickett
Denver Nuggets ,0.5,0.9,57.1,0.3,0.6,40.0,0.0,0.0,0.0,0.3,0.3,100.0,1.429,0.71,Jay Huff
Denver Nuggets ,0.4,1.0,35.7,0.1,0.3,25.0,0.3,0.4,80.0,0.3,0.7,40.0,1.071,0.39,Braxton Key
Denver Nuggets ,0.1,0.8,14.3,0.0,0.7,0.0,0.0,0.0,0.0,0.1,0.1,100.0,0.286,0.14,Hunter Tyson
Detroit Pistons ,8.4,18.6,45.0,1.8,5.3,33.9,3.8,4.5,86.1,6.6,13.4,49.3,1.201,0.50,Cade Cunningham
Detroit Pistons ,7.1,15.2,46.8,3.1,7.4,41.5,2.9,3.7,77.9,4.0,7.8,51.8,1.329,0.57,Bojan Bogdanovic SF
Detroit Pistons ,8.0,19.0,42.1,3.0,9.0,33.3,1.0,1.0,100.0,5.0,10.0,50.0,1.053,0.50,Simone Fontecchio F
Detroit Pistons ,5.5,11.9,46.2,1.6,4.3,37.4,2.9,4.0,72.0,3.9,7.6,51.2,1.302,0.53,Jaden Ivey
Detroit Pistons ,6.3,9.8,64.1,0.0,0.1,0.0,1.8,2.4,74.2,6.3,9.7,64.6,1.464,0.64,Jalen Duren
Detroit Pistons ,3.7,9.4,39.4,2.3,5.7,40.1,2.8,3.1,90.3,1.4,3.7,38.4,1.330,0.52,Alec Burks SG
Detroit Pistons ,4.1,8.6,47.0,1.4,3.7,37.4,1.5,2.0,74.6,2.7,4.9,54.4,1.278,0.55,Isaiah Stewart
Detroit Pistons ,4.1,7.0,59.1,0.0,0.2,16.7,1.9,2.3,82.0,4.1,6.7,60.6,1.464,0.59,Marvin Bagley III PF
Detroit Pistons ,2.0,3.7,54.5,1.2,2.0,58.3,3.5,4.0,87.5,0.8,1.7,50.0,2.364,0.70,Danilo Gallinari PF
Detroit Pistons ,3.5,7.3,47.6,0.2,1.6,14.6,1.2,1.8,63.8,3.3,5.7,56.7,1.142,0.49,Ausar Thompson
Detroit Pistons ,2.0,5.0,40.0,2.0,5.0,40.0,2.0,2.0,100.0,0.0,0.0,0.0,1.600,0.60,Troy Brown Jr. SF
Detroit Pistons ,3.0,6.1,48.4,1.2,2.8,43.1,0.7,0.8,86.8,1.8,3.3,52.9,1.279,0.58,Marcus Sasser
Detroit Pistons ,2.8,6.0,46.2,1.0,3.0,33.0,0.6,0.7,90.9,1.8,3.0,59.8,1.199,0.55,Kevin Knox II
Detroit Pistons ,2.8,6.7,41.3,0.5,1.8,29.7,0.8,1.2,66.0,2.3,5.0,45.5,1.021,0.45,Killian Hayes
Detroit Pistons ,2.5,3.7,67.5,0.0,0.1,0.0,0.7,1.1,62.2,2.5,3.7,68.6,1.537,0.67,James Wiseman
Detroit Pistons ,1.5,3.1,48.1,1.0,1.8,54.8,1.3,1.4,91.7,0.5,1.2,38.1,1.712,0.64,Stanley Umude
Detroit Pistons ,1.7,5.0,34.5,1.0,3.3,28.6,0.5,0.8,66.7,0.8,1.7,46.2,0.983,0.44,Isaiah Livers
Detroit Pistons ,2.0,5.5,36.4,0.3,1.8,18.2,0.2,0.3,50.0,1.7,3.7,45.5,0.818,0.39,Monte Morris
Detroit Pistons ,2.0,5.0,40.0,0.0,1.0,0.0,0.0,0.0,0.0,2.0,4.0,50.0,0.800,0.40,Shake Milton SG
Detroit Pistons ,1.3,3.3,38.9,1.2,2.6,44.8,0.1,0.2,50.0,0.1,0.6,14.3,1.167,0.57,Mike Muscala C
Detroit Pistons ,1.0,1.8,54.5,0.2,0.7,25.0,0.3,0.3,100.0,0.8,1.2,71.4,1.364,0.59,Jared Rhoden
Detroit Pistons ,0.9,2.4,35.9,0.6,1.9,33.3,0.1,0.1,50.0,0.3,0.6,44.4,1.000,0.49,Joe Harris
Detroit Pistons ,0.0,0.0,0.0,0.0,0.0,0.0,0.0,0.0,0.0,0.0,0.0,0.0,0.000,0.00,Malcolm Cazalon
Golden State Warriors ,9.1,19.7,46.4,5.0,11.8,42.1,4.8,5.2,92.7,4.1,7.9,52.8,1.426,0.59,Stephen Curry
Golden State Warriors ,5.9,14.4,41.3,3.2,8.7,37.3,1.8,1.9,91.2,2.7,5.7,47.6,1.175,0.53,Klay Thompson
Golden State Warriors ,5.9,11.1,53.5,0.8,2.5,31.4,3.0,4.1,72.1,5.2,8.6,59.8,1.406,0.57,Jonathan Kuminga
Golden State Warriors ,4.8,10.7,44.3,1.0,3.2,31.7,1.8,2.6,70.9,3.8,7.6,49.6,1.151,0.49,Andrew Wiggins
Golden State Warriors ,3.4,7.1,48.1,1.5,3.6,41.3,1.5,1.8,86.0,1.9,3.5,55.0,1.387,0.59,Dario Saric
Golden State Warriors ,3.8,8.3,45.6,1.1,3.2,35.5,0.8,1.2,64.2,2.7,5.1,52.0,1.142,0.52,Brandin Podziemski
Golden State Warriors ,3.4,6.8,50.3,1.0,2.5,40.0,1.3,1.6,78.6,2.4,4.3,56.3,1.339,0.58,Draymond Green
Golden State Warriors ,3.3,7.7,42.4,1.3,3.7,36.1,1.1,1.3,83.3,1.9,3.9,48.4,1.167,0.51,Chris Paul
Golden State Warriors ,3.1,6.4,47.9,1.1,3.1,35.7,1.2,1.5,78.9,2.0,3.3,59.3,1.319,0.57,Moses Moody
Golden State Warriors ,2.7,3.9,68.0,0.0,0.0,0.0,1.0,1.7,58.5,2.7,3.9,68.0,1.613,0.68,Trayce Jackson-Davis
Golden State Warriors ,2.4,4.9,48.8,0.6,1.9,30.3,0.4,0.5,66.7,1.8,3.0,60.8,1.167,0.55,Gary Payton II
Golden State Warriors ,2.2,3.5,61.7,0.0,0.0,0.0,0.8,1.2,68.3,2.2,3.5,62.1,1.469,0.62,Kevon Looney
Golden State Warriors ,1.8,4.3,40.6,1.1,2.7,41.9,0.5,0.8,66.7,0.6,1.6,38.5,1.188,0.54,Lester Quinones
Golden State Warriors ,1.3,2.7,46.7,0.3,1.0,27.3,1.3,1.4,93.3,1.0,1.7,57.9,1.500,0.52,Gui Santos
Golden State Warriors ,0.9,2.5,35.9,0.5,1.6,31.0,0.2,0.3,57.1,0.4,0.8,45.5,0.984,0.46,Cory Joseph
Golden State Warriors ,0.0,1.0,0.0,0.0,0.6,0.0,0.4,0.7,66.7,0.0,0.4,0.0,0.444,0.00,Jerome Robinson
Golden State Warriors ,0.0,0.5,0.0,0.0,0.0,0.0,0.0,0.0,0.0,0.0,0.5,0.0,0.000,0.00,Usman Garuba
Houston Rockets ,8.5,15.7,54.1,0.5,1.9,28.9,3.8,5.3,71.7,7.9,13.8,57.5,1.358,0.56,Alperen Sengun
Houston Rockets ,6.3,15.3,41.5,2.1,6.6,31.6,3.6,4.5,79.8,4.3,8.7,49.0,1.201,0.48,Jalen Green
Houston Rockets ,5.5,13.5,40.9,2.9,7.7,37.4,2.6,3.0,85.9,2.6,5.8,45.6,1.224,0.52,Fred VanVleet
Houston Rockets ,5.0,11.1,45.1,1.9,4.9,39.3,2.0,2.3,85.0,3.1,6.2,49.6,1.254,0.54,Dillon Brooks
Houston Rockets ,4.9,10.6,46.5,1.7,4.5,37.0,1.7,2.1,81.4,3.3,6.1,53.5,1.245,0.54,Jabari Smith Jr.
Houston Rockets ,4.4,9.1,47.8,1.7,4.3,40.3,1.5,2.2,67.7,2.6,4.9,54.4,1.310,0.57,Cam Whitmore
Houston Rockets ,4.0,8.6,46.6,0.8,2.3,36.0,1.0,1.5,63.6,3.2,6.3,50.4,1.138,0.51,Tari Eason
Houston Rockets ,2.8,5.7,50.3,0.2,1.2,15.8,1.3,2.0,66.7,2.7,4.5,59.1,1.273,0.52,Amen Thompson
Houston Rockets ,2.4,5.4,45.6,1.2,3.0,40.0,0.7,0.8,92.1,1.3,2.4,52.5,1.266,0.57,Aaron Holiday
Houston Rockets ,2.1,4.2,49.0,0.4,1.5,30.1,1.8,2.2,82.0,1.6,2.7,59.1,1.519,0.54,Jeff Green
Houston Rockets ,1.8,3.8,47.8,0.4,1.4,29.9,0.4,0.6,71.4,1.4,2.4,58.1,1.174,0.53,Jae'Sean Tate
Houston Rockets ,1.8,3.6,48.3,0.1,0.4,33.3,0.5,0.9,57.1,1.6,3.3,50.0,1.138,0.50,Nate Williams
Houston Rockets ,1.1,2.3,47.6,0.0,0.2,0.0,0.3,0.7,50.0,1.1,2.1,52.6,1.095,0.48,Boban Marjanovic
Houston Rockets ,0.9,2.1,42.6,0.7,1.6,41.7,0.0,0.0,100.0,0.2,0.5,45.5,1.191,0.59,Reggie Bullock Jr.
Houston Rockets ,0.9,2.4,37.7,0.1,0.6,11.1,0.4,0.6,76.5,0.8,1.8,47.1,0.971,0.39,Jock Landale
Houston Rockets ,0.7,1.5,46.7,0.5,0.8,62.5,0.2,0.2,100.0,0.2,0.7,28.6,1.400,0.63,Nate Hinton
Houston Rockets ,0.7,1.0,72.7,0.0,0.2,0.0,0.2,0.2,100.0,0.7,0.8,88.9,1.636,0.73,Jermaine Samuels Jr.
Indiana Pacers ,7.9,15.9,49.6,3.1,7.9,39.6,3.1,3.7,85.4,4.8,8.0,59.4,1.386,0.59,Tyrese Haliburton
Indiana Pacers ,8.9,15.5,57.4,1.3,3.1,42.5,2.4,3.8,62.0,7.6,12.5,61.1,1.386,0.62,Pascal Siakam PF
Indiana Pacers ,6.2,11.9,52.2,1.4,4.0,34.0,3.3,4.2,77.8,4.8,7.9,61.6,1.437,0.58,Myles Turner
Indiana Pacers ,5.0,11.1,45.3,1.3,3.4,36.8,3.1,3.7,82.5,3.8,7.7,49.1,1.296,0.51,Bennedict Mathurin
Indiana Pacers ,4.6,8.8,52.1,2.1,4.7,46.1,1.3,1.8,71.3,2.4,4.1,58.9,1.430,0.64,Aaron Nesmith
Indiana Pacers ,4.5,9.5,47.5,1.0,3.1,32.7,2.0,2.5,81.7,3.5,6.5,54.5,1.268,0.53,Bruce Brown SF
Indiana Pacers ,4.4,9.9,44.3,2.6,6.9,38.4,0.5,0.6,84.8,1.8,3.1,57.5,1.205,0.58,Buddy Hield SG
Indiana Pacers ,4.2,6.7,63.2,1.2,2.4,48.4,1.2,1.7,70.3,3.1,4.3,71.6,1.617,0.72,Jalen Smith
Indiana Pacers ,4.2,7.4,56.8,1.2,3.1,40.1,1.0,1.4,75.3,3.0,4.3,68.7,1.440,0.65,Obi Toppin
Indiana Pacers ,3.7,7.7,48.4,0.8,2.2,33.7,0.7,0.9,80.0,3.0,5.5,54.3,1.156,0.53,Andrew Nembhard
Indiana Pacers ,3.7,6.8,53.9,0.1,0.4,15.8,0.8,1.1,76.6,3.6,6.4,56.6,1.212,0.54,T.J. McConnell
Indiana Pacers ,2.7,4.1,66.1,0.0,0.1,0.0,1.3,1.8,73.0,2.7,4.0,67.3,1.643,0.66,Isaiah Jackson
Indiana Pacers ,2.1,4.6,45.1,0.6,2.0,30.6,0.5,0.6,81.8,1.4,2.6,56.5,1.146,0.52,Jordan Nwora SF
Indiana Pacers ,1.6,3.9,42.4,0.7,1.9,37.5,0.4,0.4,85.7,0.9,2.0,47.1,1.121,0.52,Jarace Walker
Indiana Pacers ,1.3,2.7,50.0,0.0,0.0,0.0,0.8,1.0,83.3,1.3,2.7,50.0,1.313,0.50,Oscar Tshiebwe
Indiana Pacers ,1.1,3.0,36.6,0.5,2.0,27.4,0.4,0.5,80.0,0.5,1.0,54.8,1.043,0.46,Ben Sheppard
Indiana Pacers ,1.0,4.0,25.0,0.0,1.0,0.0,0.0,0.0,0.0,1.0,3.0,33.3,0.500,0.25,Daniel Theis C
Indiana Pacers ,0.6,1.2,50.0,0.0,0.2,0.0,0.8,1.2,66.7,0.6,1.0,60.0,1.667,0.50,Kendall Brown
Indiana Pacers ,0.4,1.0,40.0,0.0,0.2,0.0,0.0,0.0,0.0,0.4,0.8,50.0,0.800,0.40,James Johnson
Indiana Pacers ,0.0,1.0,0.0,0.0,1.0,0.0,0.0,0.0,0.0,0.0,0.0,0.0,0.000,0.00,Doug McDermott SF
LA Clippers ,9.0,17.1,52.8,2.4,5.2,45.5,3.8,4.3,89.1,6.7,11.9,56.0,1.417,0.60,Kawhi Leonard
LA Clippers ,7.9,17.3,46.0,3.3,8.3,40.0,3.3,3.6,90.9,4.6,8.9,51.6,1.306,0.56,Paul George
LA Clippers ,5.1,11.4,44.8,2.8,6.7,42.2,4.3,4.9,87.5,2.3,4.7,48.6,1.517,0.57,James Harden
LA Clippers ,4.7,9.5,49.5,2.1,4.6,44.5,1.9,2.2,85.0,2.7,4.9,54.2,1.402,0.60,Norman Powell
LA Clippers ,5.1,7.8,65.8,0.0,0.0,0.0,1.8,2.7,65.5,5.1,7.8,65.8,1.542,0.66,Ivica Zubac
LA Clippers ,4.6,9.8,46.8,0.7,2.4,29.2,1.5,2.3,65.8,3.9,7.4,52.4,1.161,0.50,Russell Westbrook
LA Clippers ,2.9,6.2,46.4,0.9,2.8,30.7,0.9,1.1,78.0,2.0,3.4,59.5,1.207,0.53,Terance Mann
LA Clippers ,2.4,3.7,66.2,0.0,0.0,0.0,1.8,2.7,66.7,2.4,3.7,66.2,1.818,0.66,Mason Plumlee
LA Clippers ,2.6,4.9,54.1,0.4,1.0,42.1,0.8,1.1,72.1,2.2,3.9,57.1,1.335,0.58,Daniel Theis C
LA Clippers ,2.3,6.3,36.7,1.1,3.4,31.3,0.5,0.6,83.3,1.3,2.9,42.9,0.983,0.45,Bones Hyland
LA Clippers ,2.1,3.8,55.3,0.8,1.9,44.0,0.9,1.1,87.8,1.3,1.9,66.7,1.567,0.66,Amir Coffey
LA Clippers ,2.0,5.0,40.0,0.5,2.5,20.0,0.5,1.0,50.0,1.5,2.5,60.0,1.000,0.45,KJ Martin F
LA Clippers ,1.4,3.6,40.0,0.4,1.2,35.3,0.6,0.7,90.0,1.0,2.4,42.4,1.100,0.46,Brandon Boston Jr.
LA Clippers ,1.0,3.0,33.3,0.7,2.7,25.0,0.3,0.7,50.0,0.3,0.3,100.0,1.000,0.44,Robert Covington PF
LA Clippers ,0.9,1.8,50.0,0.0,0.0,0.0,0.9,1.2,75.0,0.9,1.8,50.0,1.500,0.50,Moussa Diabate
LA Clippers ,1.0,2.7,37.5,0.7,2.3,28.6,0.0,0.0,0.0,0.3,0.3,100.0,1.000,0.50,Nicolas Batum PF
LA Clippers ,1.0,2.0,50.0,0.0,1.0,0.0,0.0,0.0,0.0,1.0,1.0,100.0,1.000,0.50,Joshua Primo
LA Clippers ,0.7,2.0,37.7,0.4,1.3,30.8,0.0,0.1,50.0,0.4,0.7,50.0,0.967,0.48,Kobe Brown
LA Clippers ,0.8,1.3,60.0,0.3,0.3,100.0,0.0,0.0,0.0,0.5,1.0,50.0,1.400,0.70,Jordan Miller
LA Clippers ,0.3,1.2,28.6,0.3,0.9,27.3,0.3,0.3,100.0,0.1,0.3,33.3,1.000,0.39,P.J. Tucker PF
LA Clippers ,0.5,1.0,50.0,0.0,0.5,0.0,0.0,0.0,0.0,0.5,0.5,100.0,1.000,0.50,Xavier Moon
Los Angeles Lakers ,9.3,18.0,51.9,2.1,5.4,39.3,4.1,5.5,73.7,7.2,12.6,57.2,1.382,0.58,LeBron James
Los Angeles Lakers ,9.5,17.1,55.4,0.3,1.2,27.9,5.4,6.7,80.7,9.1,15.9,57.6,1.447,0.56,Anthony Davis
Los Angeles Lakers ,6.4,13.8,46.5,2.7,6.4,41.8,2.0,2.5,81.0,3.7,7.3,50.7,1.271,0.56,D'Angelo Russell
Los Angeles Lakers ,5.4,11.2,48.8,1.7,4.7,35.9,3.1,3.6,85.8,3.7,6.4,58.2,1.408,0.56,Austin Reaves
Los Angeles Lakers ,4.3,8.6,50.0,1.2,3.0,38.3,1.6,2.1,74.7,3.2,5.6,56.3,1.314,0.57,Rui Hachimura
Los Angeles Lakers ,3.5,7.9,43.6,2.0,5.2,38.6,0.7,1.0,73.5,1.5,2.7,52.9,1.213,0.56,Taurean Prince
Los Angeles Lakers ,2.5,5.3,46.8,0.7,2.3,31.5,1.3,1.9,69.6,1.8,3.0,58.3,1.325,0.54,Christian Wood
Los Angeles Lakers ,2.4,5.9,40.5,0.9,2.7,33.7,1.0,1.3,78.3,1.5,3.1,46.4,1.141,0.48,Cam Reddish
Los Angeles Lakers ,2.4,6.4,37.5,0.4,3.4,11.8,0.2,0.4,50.0,2.0,3.0,66.7,0.844,0.41,Gabe Vincent
Los Angeles Lakers ,2.0,3.9,51.8,0.3,0.9,29.6,0.8,1.2,66.7,1.8,3.0,58.6,1.316,0.55,Jarred Vanderbilt
Los Angeles Lakers ,1.8,4.3,42.2,0.7,2.1,35.6,0.7,0.9,78.4,1.1,2.2,48.4,1.173,0.51,Max Christie
Los Angeles Lakers ,1.5,2.2,69.5,0.0,0.1,0.0,0.6,1.0,61.0,1.5,2.1,74.2,1.653,0.69,Jaxson Hayes
Los Angeles Lakers ,1.2,1.8,66.7,0.0,0.0,0.0,0.8,0.8,100.0,1.2,1.8,66.7,1.778,0.67,Colin Castleton
Los Angeles Lakers ,1.0,2.3,43.8,0.3,0.7,40.0,0.0,0.0,0.0,0.7,1.6,45.5,1.000,0.50,Skylar Mays SG
Los Angeles Lakers ,0.8,1.3,60.0,0.8,1.0,75.0,0.0,0.0,0.0,0.0,0.3,0.0,1.800,0.90,Dylan Windler G
Los Angeles Lakers ,0.7,2.1,33.3,0.4,1.7,25.0,0.1,0.3,50.0,0.3,0.4,66.7,0.933,0.43,D'Moi Hodge
Los Angeles Lakers ,0.5,2.3,22.2,0.1,0.7,9.1,0.6,1.0,62.5,0.4,1.6,28.0,0.750,0.24,Jalen Hood-Schifino
Los Angeles Lakers ,0.3,1.5,16.7,0.0,0.5,0.0,0.5,0.5,100.0,0.3,1.0,25.0,0.667,0.17,Alex Fudge
Los Angeles Lakers ,0.2,0.7,25.0,0.1,0.2,33.3,0.0,0.0,0.0,0.1,0.5,22.2,0.583,0.29,Maxwell Lewis
Memphis Grizzlies ,8.9,18.9,47.1,1.6,5.7,27.5,5.8,7.1,81.3,7.3,13.2,55.5,1.329,0.51,Ja Morant
Memphis Grizzlies ,8.9,18.8,47.4,3.3,8.6,38.4,3.3,3.8,86.4,5.6,10.2,55.1,1.299,0.56,Desmond Bane
Memphis Grizzlies ,7.7,17.2,44.8,1.8,5.6,32.4,5.1,6.2,82.5,5.9,11.6,50.9,1.299,0.50,Jaren Jackson Jr.
Memphis Grizzlies ,5.1,11.9,43.0,2.1,6.7,31.3,2.2,2.8,76.8,3.0,5.2,58.3,1.219,0.52,Marcus Smart
Memphis Grizzlies ,3.7,7.4,50.0,1.6,2.6,61.1,2.1,3.0,71.4,2.1,4.9,44.1,1.500,0.61,Scotty Pippen Jr.
Memphis Grizzlies ,4.0,9.3,43.3,1.7,4.9,35.0,0.9,1.4,60.3,2.3,4.5,52.5,1.141,0.52,Santi Aldama
Memphis Grizzlies ,3.5,8.0,43.7,2.7,6.0,44.7,0.8,1.0,87.5,0.8,2.0,40.8,1.317,0.61,Luke Kennard
Memphis Grizzlies ,3.5,8.0,43.5,1.6,4.1,37.9,1.6,2.3,69.4,1.9,3.9,49.4,1.268,0.53,GG Jackson
Memphis Grizzlies ,3.0,6.8,44.1,1.6,4.1,38.2,1.7,2.2,79.8,1.4,2.7,53.2,1.369,0.56,Vince Williams Jr.
Memphis Grizzlies ,3.4,7.4,45.3,0.8,2.0,38.5,1.1,1.2,91.7,2.6,5.5,47.7,1.155,0.50,Derrick Rose
Memphis Grizzlies ,3.2,8.0,40.2,1.0,3.3,30.1,1.0,1.4,68.7,2.3,4.8,47.0,1.044,0.46,David Roddy
Memphis Grizzlies ,2.7,7.0,39.0,1.1,3.5,31.4,1.1,1.3,83.1,1.6,3.5,46.7,1.097,0.47,Ziaire Williams
Memphis Grizzlies ,2.6,6.3,40.8,0.4,1.6,22.6,0.5,1.3,41.9,2.2,4.7,46.9,0.958,0.44,Xavier Tillman
Memphis Grizzlies ,2.4,6.1,40.0,0.4,2.6,17.4,0.3,0.3,100.0,2.0,3.6,56.3,0.927,0.44,Jaylen Nowell
Memphis Grizzlies ,2.0,6.0,33.3,0.7,3.3,20.0,1.0,1.0,100.0,1.3,2.7,50.0,0.944,0.39,Matt Hurt
Memphis Grizzlies ,2.2,4.0,56.3,0.0,0.0,0.0,0.7,1.5,47.8,2.2,4.0,56.3,1.311,0.56,Bismack Biyombo
Memphis Grizzlies ,1.7,3.9,42.6,1.4,3.3,42.9,0.1,0.1,100.0,0.3,0.6,40.9,1.227,0.61,Jacob Gilyard
Memphis Grizzlies ,2.0,4.2,47.6,0.0,0.0,0.0,0.8,1.0,80.0,2.0,4.2,47.6,1.143,0.48,Trey Jemison C
Memphis Grizzlies ,1.5,3.6,41.4,0.6,2.0,27.9,0.3,0.3,78.6,0.9,1.6,59.1,1.059,0.49,John Konchar
Memphis Grizzlies ,1.5,3.9,37.2,0.5,2.2,20.8,0.3,0.4,75.0,1.0,1.7,57.9,0.930,0.43,Jake LaRavia
Memphis Grizzlies ,0.9,2.5,37.8,0.2,0.7,30.0,0.5,1.0,53.3,0.7,1.8,40.7,1.054,0.42,Kenneth Lofton Jr. F
Memphis Grizzlies ,1.0,3.8,26.7,0.5,2.0,25.0,0.0,0.0,0.0,0.5,1.8,28.6,0.667,0.33,Tosan Evbuomwan
Memphis Grizzlies ,0.3,0.7,50.0,0.0,0.0,0.0,0.0,0.0,0.0,0.3,0.7,50.0,1.000,0.50,Shaquille Harrison
Miami Heat ,6.7,13.4,50.0,1.0,2.3,44.0,7.0,8.1,86.9,5.7,11.1,51.2,1.597,0.54,Jimmy Butler
Miami Heat ,7.9,18.0,43.7,3.3,8.2,40.4,1.9,2.2,83.8,4.5,9.8,46.4,1.163,0.53,Tyler Herro
Miami Heat ,7.6,15.0,50.5,0.0,0.3,9.1,5.0,6.4,78.0,7.6,14.8,51.3,1.346,0.51,Bam Adebayo
Miami Heat ,4.5,10.0,45.0,2.7,6.8,39.7,1.3,1.5,88.7,1.8,3.2,56.1,1.300,0.58,Duncan Robinson
Miami Heat ,5.0,10.0,49.4,1.0,2.9,33.1,2.0,2.5,81.9,4.0,7.1,56.0,1.284,0.54,Jaime Jaquez Jr.
Miami Heat ,4.6,12.8,35.9,1.1,4.7,23.4,2.3,2.4,95.8,3.5,8.1,43.2,0.984,0.40,Terry Rozier SG
Miami Heat ,4.0,8.7,45.5,1.2,3.2,36.8,1.2,1.6,75.4,2.8,5.6,50.5,1.182,0.52,Caleb Martin
Miami Heat ,3.6,8.1,44.4,1.5,4.4,34.7,1.2,1.3,94.4,2.0,3.7,56.1,1.225,0.54,Josh Richardson
Miami Heat ,2.8,6.5,43.1,1.5,4.5,33.5,1.8,2.2,78.7,1.3,2.0,65.1,1.365,0.55,Kevin Love
Miami Heat ,2.8,6.5,42.6,1.7,4.4,38.5,0.9,1.1,83.3,1.1,2.2,50.6,1.252,0.55,Kyle Lowry
Miami Heat ,2.1,4.7,43.9,0.6,1.8,32.0,1.0,1.4,73.7,1.5,2.9,51.2,1.212,0.50,Jamal Cain
Miami Heat ,2.1,4.9,42.7,1.1,2.8,37.0,0.5,0.6,79.2,1.0,2.0,50.6,1.173,0.54,Haywood Highsmith
Miami Heat ,1.9,4.6,40.2,1.0,2.3,42.2,0.6,1.0,55.0,0.9,2.4,38.3,1.130,0.51,Nikola Jovic
Miami Heat ,1.7,3.7,45.5,0.8,1.9,41.2,0.2,0.2,100.0,0.9,1.8,50.0,1.182,0.56,Dru Smith
Miami Heat ,1.8,3.1,57.1,0.0,0.2,0.0,0.7,0.9,81.8,1.8,2.9,60.3,1.377,0.57,Thomas Bryant
Miami Heat ,1.3,2.7,50.8,0.3,0.6,53.8,0.8,1.0,75.0,1.0,2.1,50.0,1.426,0.57,Orlando Robinson
Miami Heat ,1.0,2.3,42.9,0.6,1.7,33.3,0.0,0.0,0.0,0.4,0.7,66.7,1.095,0.55,Cole Swider
Miami Heat ,0.5,1.8,28.6,0.1,1.0,12.5,0.1,0.3,50.0,0.4,0.8,50.0,0.714,0.32,R.J. Hampton
Milwaukee Bucks ,11.5,18.9,60.9,0.5,1.8,25.0,7.3,11.1,65.7,11.0,17.1,64.6,1.628,0.62,Giannis Antetokounmpo
Milwaukee Bucks ,7.4,17.4,42.7,2.9,8.5,34.5,7.1,7.8,92.2,4.5,8.9,50.5,1.431,0.51,Damian Lillard
Milwaukee Bucks ,5.6,11.6,48.7,1.7,4.5,37.8,1.8,2.2,83.2,3.9,7.1,55.6,1.280,0.56,Khris Middleton
Milwaukee Bucks ,5.0,10.1,49.2,1.8,5.1,34.8,1.5,1.8,83.1,3.2,5.1,63.6,1.304,0.58,Brook Lopez
Milwaukee Bucks ,5.0,10.2,49.4,1.2,3.0,38.1,1.3,1.7,78.7,3.9,7.2,54.1,1.229,0.55,Bobby Portis
Milwaukee Bucks ,4.1,8.8,46.9,2.9,6.4,44.6,0.3,0.5,64.0,1.3,2.4,52.9,1.299,0.63,Malik Beasley
Milwaukee Bucks ,2.6,6.0,43.9,1.5,4.0,38.6,0.7,1.1,66.7,1.1,2.0,54.5,1.258,0.57,Jae Crowder
Milwaukee Bucks ,2.1,4.7,45.5,1.1,2.8,39.7,0.8,0.9,84.1,1.0,1.9,53.8,1.311,0.57,Cameron Payne PG
Milwaukee Bucks ,2.0,5.0,40.0,2.0,3.0,66.7,0.0,0.0,0.0,0.0,2.0,0.0,1.200,0.60,Patrick Beverley PG
Milwaukee Bucks ,1.9,4.2,45.7,1.1,3.0,38.6,0.4,0.6,69.0,0.8,1.2,63.2,1.289,0.59,Pat Connaughton
Milwaukee Bucks ,1.8,3.8,47.6,0.7,1.7,38.5,0.4,0.6,66.7,1.1,2.1,55.1,1.238,0.56,MarJon Beauchamp
Milwaukee Bucks ,1.4,3.2,43.8,1.2,2.8,41.8,0.2,0.2,100.0,0.2,0.4,57.1,1.305,0.62,AJ Green
Milwaukee Bucks ,1.0,2.0,53.0,0.3,0.9,36.8,0.2,0.3,72.7,0.7,1.1,66.7,1.325,0.61,Andre Jackson Jr.
Milwaukee Bucks ,0.7,1.7,40.0,0.0,0.7,0.0,0.7,0.7,100.0,0.7,1.0,66.7,1.200,0.40,Lindell Wigginton
Milwaukee Bucks ,0.5,1.0,50.0,0.1,0.1,100.0,0.1,0.1,100.0,0.4,0.9,46.2,1.214,0.54,Chris Livingston
Milwaukee Bucks ,0.4,1.2,36.8,0.1,0.5,25.0,0.1,0.1,100.0,0.3,0.7,45.5,0.947,0.42,Robin Lopez
Milwaukee Bucks ,0.3,1.7,20.0,0.3,1.0,33.3,0.0,0.0,0.0,0.0,0.7,0.0,0.600,0.30,TyTy Washington Jr.
Milwaukee Bucks ,0.5,0.9,52.6,0.0,0.0,0.0,0.0,0.0,0.0,0.5,0.9,55.6,1.053,0.53,Thanasis Antetokounmpo
Milwaukee Bucks ,0.0,0.0,0.0,0.0,0.0,0.0,0.0,0.0,0.0,0.0,0.0,0.0,0.000,0.00,Marques Bolden
Minnesota Timberwolves ,8.9,19.2,46.5,2.6,6.6,39.3,5.4,6.5,83.4,6.3,12.6,50.3,1.349,0.53,Anthony Edwards
Minnesota Timberwolves ,8.1,15.7,51.6,2.3,5.2,44.2,4.1,4.7,87.1,5.8,10.5,55.2,1.441,0.59,Karl-Anthony Towns
Minnesota Timberwolves ,5.2,7.9,64.9,0.0,0.0,0.0,3.4,5.3,63.9,5.2,7.9,65.3,1.723,0.65,Rudy Gobert
Minnesota Timberwolves ,4.7,9.5,48.8,1.9,4.7,41.4,1.1,1.4,76.0,2.7,4.8,56.0,1.294,0.59,Naz Reid
Minnesota Timberwolves ,4.4,8.7,51.1,1.3,3.4,37.1,0.6,0.8,77.1,3.2,5.3,60.2,1.242,0.58,Jaden McDaniels
Minnesota Timberwolves ,3.6,8.1,44.6,2.4,5.3,44.8,1.1,1.3,91.5,1.3,2.8,44.4,1.325,0.59,Mike Conley
Minnesota Timberwolves ,2.4,5.8,41.7,1.4,3.8,36.0,0.5,0.7,75.7,1.0,2.0,52.9,1.166,0.54,Nickeil Alexander-Walker
Minnesota Timberwolves ,2.4,5.1,47.2,0.1,0.6,19.4,1.2,1.8,68.1,2.3,4.5,50.9,1.208,0.48,Kyle Anderson
Minnesota Timberwolves ,1.7,4.2,40.0,0.4,1.4,26.4,0.9,1.2,81.8,1.3,2.8,46.7,1.113,0.44,Shake Milton SG
Minnesota Timberwolves ,1.4,3.2,44.1,0.8,2.3,36.9,0.5,0.6,86.4,0.6,0.9,61.8,1.305,0.57,Troy Brown Jr. SF
Minnesota Timberwolves ,1.0,2.5,40.5,0.6,1.4,40.5,0.1,0.3,50.0,0.4,1.1,40.6,1.095,0.52,Jordan McLaughlin
Minnesota Timberwolves ,1.2,1.7,70.0,0.2,0.5,33.3,0.0,0.0,0.0,1.0,1.2,85.7,1.500,0.75,Leonard Miller
Minnesota Timberwolves ,0.8,1.9,43.5,0.2,0.6,28.6,0.5,0.8,60.0,0.7,1.3,50.0,1.217,0.48,Luka Garza
Minnesota Timberwolves ,0.6,1.3,47.6,0.1,0.4,16.7,0.6,0.8,83.3,0.6,0.9,60.0,1.476,0.50,Josh Minott
Minnesota Timberwolves ,0.6,1.6,36.4,0.4,1.1,37.5,0.0,0.3,0.0,0.1,0.4,33.3,1.000,0.50,Daishen Nix
Minnesota Timberwolves ,0.4,0.7,50.0,0.0,0.3,0.0,0.0,0.0,0.0,0.4,0.4,83.3,1.000,0.50,Wendell Moore Jr.
New Orleans Pelicans ,8.8,14.9,58.7,0.1,0.3,36.4,4.7,6.9,68.1,8.7,14.7,59.1,1.493,0.59,Zion Williamson
New Orleans Pelicans ,8.1,16.5,49.1,1.4,3.9,35.8,4.0,5.0,80.1,6.7,12.6,53.2,1.309,0.53,Brandon Ingram
New Orleans Pelicans ,6.9,14.8,46.4,3.4,8.0,42.5,1.9,2.4,78.7,3.5,6.8,51.1,1.288,0.58,CJ McCollum
New Orleans Pelicans ,5.5,9.6,57.3,0.6,1.6,34.5,2.4,2.9,80.1,4.9,8.0,61.9,1.449,0.60,Jonas Valanciunas
New Orleans Pelicans ,4.4,9.9,44.0,2.5,6.9,36.6,1.6,2.0,78.6,1.8,3.0,61.4,1.296,0.57,Trey Murphy III
New Orleans Pelicans ,3.9,7.9,49.9,1.4,3.5,40.8,1.7,2.0,85.1,2.5,4.4,57.1,1.391,0.59,Herbert Jones
New Orleans Pelicans ,3.2,7.9,40.1,2.0,5.1,38.1,1.3,1.5,84.7,1.2,2.8,43.9,1.211,0.53,Jordan Hawkins
New Orleans Pelicans ,2.7,6.1,44.7,2.3,4.9,47.1,0.9,1.0,92.9,0.4,1.2,35.3,1.424,0.64,Matt Ryan
New Orleans Pelicans ,2.6,5.7,45.0,0.8,2.2,37.6,1.5,1.8,79.2,1.7,3.5,49.7,1.300,0.52,Naji Marshall
New Orleans Pelicans ,2.5,5.9,41.7,1.3,3.4,36.7,0.7,1.0,65.7,1.2,2.5,48.8,1.160,0.52,Jose Alvarado
New Orleans Pelicans ,2.2,4.9,43.8,0.6,2.1,29.1,0.6,1.0,64.0,1.5,2.8,54.8,1.125,0.50,Dyson Daniels
New Orleans Pelicans ,2.1,3.7,56.5,0.5,1.1,45.0,0.7,0.9,75.0,1.6,2.6,61.5,1.450,0.63,Larry Nance Jr.
New Orleans Pelicans ,1.4,2.8,51.7,0.4,1.0,36.4,0.5,0.5,90.9,1.0,1.7,61.1,1.345,0.59,Jeremiah Robinson-Earl
New Orleans Pelicans ,1.1,3.5,30.8,0.1,1.3,10.0,0.7,0.7,90.9,0.9,2.1,43.8,0.846,0.33,Kira Lewis Jr. PG
New Orleans Pelicans ,0.8,2.6,30.8,0.2,0.4,50.0,1.0,1.2,83.3,0.6,2.2,27.3,1.077,0.35,Dereon Seabron
New Orleans Pelicans ,0.6,1.5,39.6,0.0,0.1,33.3,0.6,1.0,60.0,0.6,1.4,40.0,1.208,0.41,Cody Zeller
New Orleans Pelicans ,0.1,0.8,16.7,0.0,0.6,0.0,0.3,0.3,100.0,0.1,0.1,100.0,0.667,0.17,E.J. Liddell
New Orleans Pelicans ,0.0,4.0,0.0,0.0,2.0,0.0,0.0,0.0,0.0,0.0,2.0,0.0,0.000,0.00,Kaiser Gates
New York Knicks ,9.8,20.3,48.4,2.6,6.5,40.7,5.2,6.2,84.0,7.2,13.8,52.0,1.356,0.55,Jalen Brunson
New York Knicks ,8.6,18.2,47.2,1.7,5.3,31.1,5.1,6.6,78.1,6.9,12.9,53.9,1.318,0.52,Julius Randle
New York Knicks ,7.0,14.0,50.0,4.0,7.0,57.1,4.0,4.0,100.0,3.0,7.0,42.9,1.571,0.64,Alec Burks SG
New York Knicks ,6.3,14.9,42.3,1.7,5.0,33.1,4.0,4.8,83.1,4.7,9.9,46.9,1.222,0.48,RJ Barrett SG
New York Knicks ,5.8,11.2,51.6,1.8,4.6,39.1,2.3,2.7,84.2,4.0,6.6,60.2,1.395,0.60,OG Anunoby SF
New York Knicks ,5.1,11.2,45.4,2.1,5.4,39.5,2.7,3.1,87.2,2.9,5.8,50.9,1.343,0.55,Immanuel Quickley SG
New York Knicks ,4.8,10.4,45.9,3.0,7.2,41.7,1.0,1.3,72.9,1.8,3.2,55.4,1.301,0.60,Donte DiVincenzo
New York Knicks ,3.0,10.0,30.0,2.0,6.0,33.3,3.0,4.0,75.0,1.0,4.0,25.0,1.100,0.40,Bojan Bogdanovic SF
New York Knicks ,3.0,7.0,42.1,0.9,2.9,30.5,0.9,1.1,83.9,2.1,4.1,50.2,1.096,0.48,Josh Hart
New York Knicks ,2.5,6.4,39.5,1.7,4.7,36.3,0.5,0.8,70.6,0.8,1.6,48.6,1.143,0.53,Quentin Grimes
New York Knicks ,3.2,6.1,53.1,0.2,1.0,23.8,0.5,0.7,78.6,3.0,5.1,58.9,1.188,0.55,Precious Achiuwa PF
New York Knicks ,2.9,4.6,61.9,0.0,0.1,33.3,1.4,2.0,70.7,2.8,4.6,62.3,1.545,0.62,Isaiah Hartenstein
New York Knicks ,2.8,4.7,59.2,0.0,0.0,0.0,0.7,1.8,36.8,2.8,4.7,59.2,1.327,0.59,Mitchell Robinson
New York Knicks ,2.2,4.9,44.1,1.2,2.8,41.1,0.5,0.6,81.8,1.0,2.1,48.2,1.210,0.56,Miles McBride
New York Knicks ,1.3,6.7,20.0,0.7,5.0,13.3,0.7,0.7,100.0,0.7,1.7,40.0,0.600,0.25,Evan Fournier
New York Knicks ,0.6,1.6,39.1,0.3,0.9,30.8,0.6,0.8,81.8,0.4,0.7,50.0,1.348,0.48,Malachi Flynn PG
New York Knicks ,0.8,1.0,74.1,0.0,0.0,0.0,0.2,0.3,57.1,0.8,1.0,74.1,1.630,0.74,Jericho Sims
New York Knicks ,0.4,1.8,22.2,0.4,1.2,33.3,0.0,0.0,0.0,0.0,0.6,0.0,0.667,0.33,Charlie Brown Jr.
New York Knicks ,0.5,1.6,31.8,0.0,0.4,0.0,0.1,0.1,100.0,0.5,1.1,43.8,0.727,0.32,Taj Gibson
New York Knicks ,0.5,1.2,41.7,0.1,0.5,20.0,0.0,0.2,0.0,0.4,0.7,57.1,0.917,0.46,DaQuan Jeffries
New York Knicks ,0.3,0.7,50.0,0.3,0.7,50.0,0.0,0.0,0.0,0.0,0.0,0.0,1.500,0.75,Dylan Windler G
New York Knicks ,0.3,0.5,50.0,0.0,0.3,0.0,0.0,0.0,0.0,0.3,0.3,100.0,1.000,0.50,Jacob Toppin
New York Knicks ,0.0,0.3,0.0,0.0,0.3,0.0,0.0,0.0,0.0,0.0,0.0,0.0,0.000,0.00,Ryan Arcidiacono
New York Knicks ,0.0,0.5,0.0,0.0,0.0,0.0,0.0,0.0,0.0,0.0,0.5,0.0,0.000,0.00,Dmytro Skapintsev
Oklahoma City Thunder ,10.9,20.0,54.8,1.2,3.3,36.8,8.0,9.0,88.3,9.7,16.6,58.4,1.556,0.58,Shai Gilgeous-Alexander
Oklahoma City Thunder ,7.4,13.7,54.0,1.5,3.3,45.1,2.6,3.2,80.9,5.9,10.4,56.8,1.379,0.59,Jalen Williams
Oklahoma City Thunder ,6.3,11.8,53.6,1.7,4.3,39.4,2.4,3.2,76.8,4.7,7.6,61.6,1.419,0.61,Chet Holmgren
Oklahoma City Thunder ,4.6,10.4,44.5,1.0,3.0,33.1,1.2,1.5,83.1,3.7,7.5,49.0,1.101,0.49,Josh Giddey
Oklahoma City Thunder ,3.6,8.2,43.7,1.9,4.8,38.9,1.6,2.0,81.4,1.7,3.4,50.6,1.301,0.55,Luguentz Dort
Oklahoma City Thunder ,2.9,6.3,46.1,2.0,4.7,42.8,0.7,0.8,84.2,0.9,1.6,55.7,1.344,0.62,Isaiah Joe
Oklahoma City Thunder ,2.6,5.2,50.2,1.2,2.8,40.9,0.4,0.5,84.6,1.5,2.4,61.1,1.305,0.61,Cason Wallace
Oklahoma City Thunder ,2.4,4.1,58.5,0.8,1.5,51.9,0.5,0.7,75.0,1.6,2.6,62.3,1.493,0.68,Aaron Wiggins
Oklahoma City Thunder ,1.8,3.9,46.0,0.8,2.0,40.0,0.1,0.2,30.0,1.0,1.9,52.6,1.147,0.56,Kenrich Williams
Oklahoma City Thunder ,1.5,3.5,43.4,0.7,2.2,32.3,0.4,0.5,85.7,0.8,1.3,62.2,1.192,0.54,Ousmane Dieng
Oklahoma City Thunder ,1.5,3.1,50.0,0.6,1.5,42.1,0.1,0.1,100.0,0.9,1.6,57.1,1.225,0.60,Tre Mann PG
Oklahoma City Thunder ,1.2,3.2,37.7,0.7,2.0,33.7,0.5,0.6,84.0,0.5,1.2,44.4,1.110,0.48,Jaylin Williams
Oklahoma City Thunder ,1.2,3.0,40.7,0.4,1.5,24.4,0.5,0.6,73.7,0.9,1.5,56.5,1.088,0.47,Vasilije Micic G
Oklahoma City Thunder ,1.0,2.4,44.2,1.0,2.2,43.8,0.0,0.0,0.0,0.1,0.2,50.0,1.288,0.64,Lindy Waters III
Oklahoma City Thunder ,0.7,1.7,38.5,0.7,1.6,41.7,0.9,1.0,93.3,0.0,0.1,0.0,1.692,0.58,Davis Bertans SF
Oklahoma City Thunder ,0.8,1.5,55.6,0.2,0.5,33.3,0.8,1.1,69.2,0.7,1.0,66.7,1.722,0.61,Olivier Sarr
Oklahoma City Thunder ,0.6,1.7,33.3,0.1,0.3,50.0,0.0,0.0,0.0,0.4,1.4,30.0,0.750,0.38,Keyontae Johnson
Oklahoma City Thunder ,0.4,1.6,25.0,0.2,1.1,18.2,0.2,0.4,50.0,0.2,0.5,40.0,0.750,0.31,Aleksej Pokusevski
Orlando Magic ,8.1,17.8,45.3,1.5,4.2,35.9,5.2,7.4,70.0,6.6,13.6,48.2,1.280,0.50,Paolo Banchero
Orlando Magic ,7.9,16.4,47.9,1.7,5.2,32.2,3.8,4.5,85.1,6.2,11.2,55.1,1.292,0.53,Franz Wagner
Orlando Magic ,4.4,9.8,44.7,2.0,5.2,38.7,1.5,2.0,76.0,2.3,4.6,51.6,1.253,0.55,Jalen Suggs
Orlando Magic ,4.1,9.4,43.2,1.1,3.3,32.6,2.8,3.3,83.8,3.0,6.1,48.9,1.273,0.49,Cole Anthony
Orlando Magic ,4.2,7.2,58.5,0.5,1.5,32.9,2.2,2.7,79.3,3.7,5.7,65.5,1.542,0.62,Moritz Wagner
Orlando Magic ,4.0,7.7,52.2,1.2,2.9,41.6,1.9,2.7,72.2,2.8,4.8,58.5,1.449,0.60,Wendell Carter Jr.
Orlando Magic ,4.1,8.2,49.4,0.1,0.4,14.3,0.5,0.8,56.3,4.0,7.9,51.0,1.049,0.50,Markelle Fultz
Orlando Magic ,2.4,5.6,42.8,1.2,3.8,32.2,0.8,1.0,78.1,1.2,1.8,64.4,1.211,0.54,Gary Harris
Orlando Magic ,2.5,4.1,61.9,0.0,0.2,20.0,1.1,1.6,66.2,2.5,3.9,64.3,1.508,0.62,Goga Bitadze
Orlando Magic ,2.2,4.7,47.6,0.5,1.7,29.5,1.2,1.6,75.0,1.7,2.9,58.3,1.317,0.53,Jonathan Isaac
Orlando Magic ,1.8,3.7,49.4,0.5,1.3,38.1,0.8,1.3,65.6,1.3,2.4,55.8,1.352,0.56,Anthony Black
Orlando Magic ,1.5,4.0,38.4,1.3,3.7,36.2,0.4,0.6,77.3,0.2,0.3,70.0,1.219,0.55,Caleb Houstan
Orlando Magic ,1.6,4.0,41.0,1.1,2.7,40.2,0.4,0.5,85.0,0.5,1.3,42.9,1.205,0.55,Joe Ingles
Orlando Magic ,1.2,3.0,38.9,0.3,1.3,18.8,0.8,1.0,75.0,0.9,1.7,55.0,1.111,0.43,Trevelin Queen
Orlando Magic ,1.2,3.2,37.8,0.7,2.3,31.0,0.1,0.2,40.0,0.5,0.9,55.6,1.000,0.49,Chuma Okeke
Orlando Magic ,0.6,1.7,36.8,0.4,1.3,28.6,0.2,0.4,50.0,0.3,0.5,60.0,1.053,0.47,Jett Howard
Orlando Magic ,0.4,1.3,33.3,0.2,0.8,22.2,0.0,0.2,0.0,0.3,0.5,50.0,0.800,0.40,Admiral Schofield
Orlando Magic ,0.0,0.0,0.0,0.0,0.0,0.0,0.0,0.0,0.0,0.0,0.0,0.0,0.000,0.00,Kevon Harris
Philadelphia 76ers ,11.8,22.2,53.3,1.2,3.3,36.6,10.5,11.9,88.3,10.6,18.9,56.2,1.593,0.56,Joel Embiid
Philadelphia 76ers ,8.9,19.8,44.8,3.1,8.1,38.0,4.9,5.7,85.7,5.8,11.7,49.5,1.296,0.53,Tyrese Maxey
Philadelphia 76ers ,8.5,18.5,45.9,4.0,10.5,38.1,0.5,1.0,50.0,4.5,8.0,56.3,1.162,0.57,Buddy Hield SG
Philadelphia 76ers ,6.8,13.3,50.7,1.2,3.4,34.6,3.1,3.4,89.6,5.6,9.9,56.2,1.332,0.55,Tobias Harris
Philadelphia 76ers ,5.2,11.3,45.6,1.5,4.6,32.1,2.2,2.9,73.5,3.7,6.7,54.9,1.232,0.52,Kelly Oubre Jr.
Philadelphia 76ers ,5.0,12.0,41.7,2.0,6.0,33.3,1.0,1.5,66.7,3.0,6.0,50.0,1.083,0.50,Cameron Payne PG
Philadelphia 76ers ,3.9,9.9,39.3,2.1,5.8,36.3,1.9,2.3,82.7,1.8,4.1,43.7,1.189,0.50,De'Anthony Melton
Philadelphia 76ers ,2.4,5.5,43.9,1.0,2.4,40.0,0.8,1.0,86.1,1.5,3.1,47.0,1.205,0.53,Marcus Morris Sr.
Philadelphia 76ers ,2.2,5.1,43.2,0.7,2.3,32.1,1.1,1.3,81.0,1.5,2.8,52.3,1.220,0.50,Patrick Beverley PG
Philadelphia 76ers ,2.8,5.1,54.2,0.2,0.6,32.3,0.6,0.8,70.7,2.6,4.5,57.1,1.231,0.56,Paul Reed
Philadelphia 76ers ,1.8,3.5,52.4,0.3,0.7,37.5,2.3,2.9,77.1,1.6,2.8,55.9,1.762,0.56,Ricky Council IV
Philadelphia 76ers ,2.2,4.1,52.8,1.4,2.9,46.7,0.3,0.5,64.3,0.8,1.2,67.6,1.457,0.69,Nicolas Batum PF
Philadelphia 76ers ,1.8,4.1,43.2,1.3,3.1,42.9,0.2,0.3,66.7,0.4,1.0,44.4,1.243,0.59,Terquavion Smith
Philadelphia 76ers ,1.5,3.4,44.9,0.7,1.8,35.4,0.8,0.9,87.5,0.9,1.6,56.1,1.326,0.54,Robert Covington PF
Philadelphia 76ers ,1.4,3.1,44.8,0.4,1.5,30.0,1.0,1.4,76.1,0.9,1.6,58.2,1.371,0.52,Danuel House Jr.
Philadelphia 76ers ,1.6,3.2,50.0,0.4,0.8,44.0,0.5,0.8,64.0,1.2,2.4,52.1,1.281,0.56,Mo Bamba
Philadelphia 76ers ,1.4,3.7,39.0,0.3,1.2,21.6,0.9,1.1,82.4,1.2,2.5,46.9,1.085,0.42,Jaden Springer
Philadelphia 76ers ,1.3,2.4,53.5,0.1,0.4,23.1,0.4,0.7,50.0,1.2,2.0,58.9,1.256,0.55,KJ Martin F
Philadelphia 76ers ,0.9,2.2,39.5,0.4,1.1,35.0,0.4,0.6,70.0,0.5,1.0,44.4,1.158,0.49,Furkan Korkmaz
Philadelphia 76ers ,0.7,1.7,40.0,0.7,1.7,40.0,0.0,0.0,0.0,0.0,0.0,0.0,1.200,0.60,P.J. Tucker PF
Philadelphia 76ers ,0.5,3.0,16.7,0.0,1.0,0.0,0.0,0.0,0.0,0.5,2.0,25.0,0.333,0.17,Kenneth Lofton Jr. F
Philadelphia 76ers ,0.0,1.0,0.0,0.0,0.5,0.0,0.0,0.0,0.0,0.0,0.5,0.0,0.000,0.00,Danny Green
Philadelphia 76ers ,0.0,0.0,0.0,0.0,0.0,0.0,0.0,0.0,0.0,0.0,0.0,0.0,0.000,0.00,Javonte Smart
Philadelphia 76ers ,0.0,0.0,0.0,0.0,0.0,0.0,0.0,0.0,0.0,0.0,0.0,0.0,0.000,0.00,Filip Petrusev PF
Phoenix Suns ,10.3,19.2,53.5,2.3,5.1,44.5,5.5,6.3,87.2,8.0,14.0,56.8,1.474,0.59,Kevin Durant
Phoenix Suns ,9.8,19.6,50.2,2.3,6.0,38.1,6.1,7.0,87.0,7.6,13.6,55.6,1.431,0.56,Devin Booker
Phoenix Suns ,7.3,14.8,49.3,1.7,4.6,35.8,2.4,3.1,77.5,5.7,10.2,55.4,1.258,0.55,Bradley Beal
Phoenix Suns ,4.3,8.4,51.1,2.6,5.2,49.0,1.6,1.8,88.4,1.7,3.2,54.7,1.519,0.66,Grayson Allen
Phoenix Suns ,4.5,9.9,45.9,2.4,6.3,38.7,0.8,1.0,80.0,2.1,3.6,58.7,1.248,0.58,Eric Gordon
Phoenix Suns ,4.6,9.0,51.7,0.4,1.7,25.0,2.2,3.2,68.9,4.2,7.3,57.8,1.327,0.54,Jusuf Nurkic
Phoenix Suns ,2.3,3.6,63.5,0.1,0.1,100.0,1.1,1.4,73.5,2.2,3.6,62.9,1.582,0.64,Drew Eubanks
Phoenix Suns ,1.6,3.7,42.6,0.5,1.7,28.7,1.4,1.9,71.9,1.1,2.0,54.2,1.347,0.49,Josh Okogie
Phoenix Suns ,1.8,3.5,50.8,0.4,1.4,29.4,1.0,1.2,88.4,1.4,2.1,64.6,1.423,0.57,Chimezie Metu
Phoenix Suns ,1.9,4.8,38.9,0.6,2.0,28.7,0.6,0.7,86.2,1.3,2.8,46.0,1.026,0.45,Jordan Goodwin
Phoenix Suns ,1.6,3.8,42.7,0.5,1.6,31.3,0.7,0.9,72.2,1.1,2.2,51.2,1.160,0.49,Keita Bates-Diop SF
Phoenix Suns ,1.6,3.3,47.5,0.6,1.9,30.4,0.6,0.7,85.0,1.0,1.4,69.8,1.293,0.56,Nassir Little
Phoenix Suns ,1.7,2.5,67.5,0.2,0.6,30.0,0.3,0.4,83.3,1.5,1.9,80.0,1.550,0.71,Bol Bol
Phoenix Suns ,1.2,3.3,36.1,0.8,2.6,32.0,0.3,0.5,66.7,0.4,0.8,50.0,1.072,0.48,Yuta Watanabe
Phoenix Suns ,1.0,3.0,33.3,1.0,2.0,50.0,0.0,0.0,0.0,0.0,1.0,0.0,1.000,0.50,Royce O'Neale PF
Phoenix Suns ,1.2,1.7,72.7,0.0,0.0,0.0,0.2,0.8,27.3,1.2,1.7,72.7,1.591,0.73,Udoka Azubuike
Phoenix Suns ,0.8,1.8,40.9,0.0,0.4,0.0,1.1,1.4,76.5,0.8,1.4,52.9,1.409,0.41,Saben Lee
Phoenix Suns ,0.0,1.0,0.0,0.0,0.0,0.0,0.0,0.0,0.0,0.0,1.0,0.0,0.000,0.00,Theo Maledon PG
Portland Trail Blazers ,8.1,18.3,44.2,3.4,8.8,38.8,3.8,4.2,90.9,4.7,9.6,49.1,1.276,0.53,Anfernee Simons
Portland Trail Blazers ,7.4,16.1,46.1,2.1,5.2,40.5,5.0,6.2,80.9,5.3,11.0,48.7,1.361,0.53,Jerami Grant
Portland Trail Blazers ,5.5,13.6,40.6,1.9,5.6,33.3,3.1,3.7,82.4,3.6,7.9,45.7,1.175,0.47,Shaedon Sharpe
Portland Trail Blazers ,5.6,12.7,44.0,2.1,5.1,41.2,2.4,3.0,81.9,3.5,7.6,45.8,1.236,0.52,Malcolm Brogdon
Portland Trail Blazers ,6.4,11.6,55.4,0.0,0.0,0.0,1.1,1.3,80.9,6.4,11.6,55.4,1.202,0.55,Deandre Ayton
Portland Trail Blazers ,4.4,11.8,37.3,1.2,4.0,31.5,2.7,3.3,81.0,3.2,7.9,40.2,1.080,0.43,Scoot Henderson
Portland Trail Blazers ,5.0,14.0,35.7,1.0,5.0,20.0,1.0,1.0,100.0,4.0,9.0,44.4,0.857,0.39,Dalano Banton G
Portland Trail Blazers ,3.3,6.9,48.5,1.4,3.6,39.3,1.0,1.3,76.0,1.9,3.3,58.3,1.317,0.59,Duop Reath
Portland Trail Blazers ,3.1,6.5,47.0,0.6,2.0,27.8,1.8,2.3,75.0,2.5,4.5,55.6,1.294,0.51,Jabari Walker
Portland Trail Blazers ,2.8,4.3,65.4,0.0,0.0,0.0,1.2,1.5,77.8,2.8,4.3,65.4,1.577,0.65,Robert Williams III
Portland Trail Blazers ,2.5,6.0,42.0,0.7,2.5,29.1,1.0,1.4,71.8,1.8,3.5,51.1,1.127,0.48,Toumani Camara
Portland Trail Blazers ,2.5,6.6,38.4,0.7,2.3,28.6,0.6,0.8,76.5,1.9,4.2,43.8,0.964,0.43,Skylar Mays SG
Portland Trail Blazers ,1.9,4.8,40.2,1.3,3.8,35.1,0.3,0.4,80.0,0.6,1.1,58.5,1.145,0.54,Matisse Thybulle
Portland Trail Blazers ,2.0,5.5,36.4,0.0,2.0,0.0,0.5,1.0,50.0,2.0,3.5,57.1,0.818,0.36,Ashton Hagans
Portland Trail Blazers ,1.4,3.5,40.7,0.6,1.8,32.1,0.3,0.4,66.7,0.9,1.8,49.1,1.044,0.49,Kris Murray
Portland Trail Blazers ,0.9,2.6,33.3,0.9,2.3,37.5,0.3,0.3,100.0,0.0,0.3,0.0,1.111,0.50,Ish Wainright
Portland Trail Blazers ,0.9,2.7,34.9,0.4,1.1,41.2,0.3,0.5,62.5,0.5,1.6,30.8,0.977,0.43,Rayan Rupert
Portland Trail Blazers ,1.0,1.7,60.0,0.0,0.7,0.0,0.0,0.0,0.0,1.0,1.0,100.0,1.200,0.60,Taze Moore
Portland Trail Blazers ,1.0,2.3,42.9,0.0,0.0,0.0,0.0,0.4,0.0,1.0,2.3,42.9,0.857,0.43,Moses Brown
Portland Trail Blazers ,0.8,3.5,23.8,0.0,1.3,0.0,0.0,0.0,0.0,0.8,2.2,38.5,0.476,0.24,Jamaree Bouyea
Portland Trail Blazers ,0.7,1.1,64.7,0.0,0.0,0.0,0.2,0.4,50.0,0.7,1.1,64.7,1.471,0.65,Ibou Badji
Portland Trail Blazers ,0.4,1.4,27.3,0.2,0.9,21.4,0.2,0.4,50.0,0.2,0.5,37.5,0.818,0.34,Justin Minaya
Sacramento Kings ,9.5,20.3,46.5,2.9,7.7,37.6,4.6,6.5,70.7,6.5,12.6,51.9,1.297,0.54,De'Aaron Fox
Sacramento Kings ,8.0,12.8,62.3,0.5,1.1,44.1,3.4,4.9,69.2,7.5,11.7,64.0,1.546,0.64,Domantas Sabonis
Sacramento Kings ,5.3,11.7,45.1,2.3,6.1,38.5,2.3,2.8,80.7,2.9,5.6,52.1,1.296,0.55,Malik Monk
Sacramento Kings ,5.8,12.4,46.4,2.3,6.4,35.7,1.4,1.7,80.2,3.5,6.1,57.5,1.219,0.56,Keegan Murray
Sacramento Kings ,4.2,8.8,47.9,1.9,4.8,39.7,1.8,2.2,81.9,2.3,3.9,58.1,1.387,0.59,Harrison Barnes
Sacramento Kings ,4.1,9.1,44.9,2.0,5.6,36.6,0.7,0.9,79.1,2.0,3.5,58.3,1.198,0.56,Kevin Huerter
Sacramento Kings ,2.6,5.6,46.4,1.7,4.1,41.3,0.8,1.2,68.1,0.9,1.5,60.7,1.384,0.62,Trey Lyles
Sacramento Kings ,2.1,4.7,44.8,1.1,2.9,38.0,0.3,0.4,76.9,1.0,1.9,55.4,1.188,0.56,Sasha Vezenkov
Sacramento Kings ,1.9,3.0,62.9,0.0,0.1,0.0,0.6,1.1,58.1,1.9,2.9,65.2,1.474,0.63,JaVale McGee
Sacramento Kings ,1.5,3.7,40.3,0.5,1.8,29.9,0.4,0.5,78.3,0.9,1.8,50.6,1.071,0.48,Davion Mitchell
Sacramento Kings ,1.3,3.5,36.2,0.6,1.9,31.9,0.6,0.7,76.9,0.7,1.6,41.4,1.055,0.45,Chris Duarte
Sacramento Kings ,1.2,2.8,43.2,0.9,2.3,37.5,0.4,0.5,64.7,0.4,0.5,68.8,1.295,0.59,Keon Ellis
Sacramento Kings ,1.1,1.8,62.9,0.0,0.2,0.0,0.4,0.8,46.7,1.1,1.6,68.8,1.457,0.63,Alex Len
Sacramento Kings ,1.0,2.7,37.0,0.1,0.8,7.7,0.1,0.3,40.0,0.9,1.9,48.5,0.804,0.38,Colby Jones
Sacramento Kings ,0.7,1.2,57.1,0.3,0.5,66.7,0.3,0.3,100.0,0.3,0.7,50.0,1.714,0.71,Jordan Ford
Sacramento Kings ,0.6,1.5,41.2,0.3,0.9,36.4,0.1,0.1,75.0,0.3,0.5,50.0,1.118,0.53,Kessler Edwards
Sacramento Kings ,0.5,1.0,50.0,0.0,0.0,0.0,0.5,1.0,50.0,0.5,1.0,50.0,1.500,0.50,Filip Petrusev PF
Sacramento Kings ,0.4,0.6,66.7,0.0,0.2,0.0,0.0,0.0,0.0,0.4,0.4,100.0,1.333,0.67,Jalen Slawson
Sacramento Kings ,0.3,1.1,25.0,0.1,0.4,25.0,0.0,0.0,0.0,0.2,0.7,25.0,0.583,0.29,Juan Toscano-Anderson
San Antonio Spurs ,7.4,16.1,46.4,1.6,4.9,31.6,3.8,4.7,81.1,5.9,11.1,52.9,1.262,0.51,Victor Wembanyama
San Antonio Spurs ,7.0,14.9,46.7,2.5,6.8,36.3,2.5,3.1,80.7,4.5,8.1,55.4,1.269,0.55,Devin Vassell
San Antonio Spurs ,6.0,13.2,45.3,1.8,5.2,33.9,2.7,3.4,78.0,4.2,8.1,52.7,1.240,0.52,Keldon Johnson
San Antonio Spurs ,4.5,9.4,47.9,0.9,3.2,27.7,1.9,2.4,77.8,3.6,6.2,58.3,1.253,0.53,Zach Collins
San Antonio Spurs ,4.4,10.1,43.9,1.0,2.8,33.8,1.5,1.9,77.5,3.5,7.2,47.9,1.121,0.49,Jeremy Sochan
San Antonio Spurs ,3.8,7.7,50.0,0.6,2.3,28.4,1.5,1.7,87.7,3.2,5.4,59.1,1.277,0.54,Tre Jones
San Antonio Spurs ,3.2,7.5,42.2,0.9,3.0,29.5,0.5,0.6,92.9,2.3,4.5,50.9,1.036,0.48,Malaki Branham
San Antonio Spurs ,2.7,5.7,47.5,1.2,3.2,38.0,0.6,0.9,68.0,1.5,2.5,60.0,1.279,0.58,Cedi Osman
San Antonio Spurs ,2.1,4.7,44.2,1.7,3.8,43.9,0.2,0.4,58.8,0.4,0.9,45.2,1.284,0.62,Doug McDermott SF
San Antonio Spurs ,1.9,4.8,39.7,1.3,3.4,37.3,0.8,1.0,82.2,0.6,1.3,45.9,1.233,0.53,Julian Champagnie
San Antonio Spurs ,1.7,3.7,47.6,0.1,0.3,42.9,1.0,1.5,64.7,1.6,3.3,48.1,1.250,0.49,Dominick Barlow
San Antonio Spurs ,1.3,1.7,80.0,0.0,0.0,0.0,1.3,2.0,66.7,1.3,1.7,80.0,2.400,0.80,Mamadi Diakite
San Antonio Spurs ,1.6,3.1,51.5,0.1,0.7,13.6,0.5,1.0,53.1,1.5,2.4,62.3,1.232,0.53,Blake Wesley
San Antonio Spurs ,1.1,2.8,39.3,0.7,2.0,35.0,0.6,0.8,75.0,0.4,0.8,50.0,1.250,0.52,Devonte' Graham
San Antonio Spurs ,1.5,2.1,72.5,0.0,0.1,0.0,0.3,0.3,83.3,1.5,2.1,74.4,1.575,0.73,Charles Bassey
San Antonio Spurs ,0.9,2.2,41.9,0.3,1.2,24.2,0.4,0.6,75.0,0.6,1.0,62.1,1.161,0.48,Sandro Mamukelashvili
San Antonio Spurs ,0.2,1.2,16.7,0.0,0.8,0.0,0.8,0.8,100.0,0.2,0.4,50.0,1.000,0.17,Sidy Cissoko
Toronto Raptors ,8.3,16.0,52.2,1.2,3.7,31.7,4.3,5.7,75.8,7.2,12.3,58.4,1.388,0.56,Pascal Siakam PF
Toronto Raptors ,8.0,14.6,54.8,1.5,3.9,37.9,3.4,5.1,65.5,6.5,10.7,61.0,1.427,0.60,RJ Barrett SG
Toronto Raptors ,7.5,15.7,47.6,1.8,5.1,35.8,3.4,4.3,77.7,5.6,10.6,53.3,1.282,0.53,Scottie Barnes
Toronto Raptors ,5.7,13.9,41.0,2.8,6.3,43.9,2.6,3.2,81.0,2.9,7.6,38.7,1.207,0.51,Immanuel Quickley SG
Toronto Raptors ,5.8,11.9,48.9,2.3,6.0,37.4,1.2,1.7,71.7,3.6,5.9,60.8,1.271,0.58,OG Anunoby SF
Toronto Raptors ,4.8,11.0,44.2,1.5,4.3,35.0,2.5,2.9,85.2,3.3,6.6,50.1,1.249,0.51,Dennis Schroder PG
Toronto Raptors ,4.3,10.3,41.9,2.4,5.8,41.9,0.6,0.9,66.7,1.9,4.5,41.9,1.136,0.54,Gary Trent Jr.
Toronto Raptors ,4.0,10.0,40.0,1.0,2.0,50.0,2.0,2.0,100.0,3.0,8.0,37.5,1.100,0.45,Kelly Olynyk PF
Toronto Raptors ,4.8,7.0,68.8,0.0,0.0,0.0,1.2,2.2,53.8,4.8,7.0,68.8,1.542,0.69,Jakob Poeltl
Toronto Raptors ,3.7,8.3,44.4,0.6,2.0,29.2,1.3,1.3,100.0,3.1,6.3,49.3,1.111,0.48,Bruce Brown SF
Toronto Raptors ,3.0,9.0,33.3,0.0,5.0,0.0,2.0,3.0,66.7,3.0,4.0,75.0,0.889,0.33,Ochai Agbaji G
Toronto Raptors ,3.1,6.8,45.9,0.5,1.9,27.7,1.0,1.7,57.1,2.6,4.9,52.8,1.135,0.50,Precious Achiuwa PF
Toronto Raptors ,2.4,5.3,45.2,1.1,2.6,42.9,1.5,1.6,92.3,1.3,2.6,47.6,1.405,0.56,Jordan Nwora SF
Toronto Raptors ,2.1,4.4,48.5,0.6,2.0,33.0,1.3,1.8,75.9,1.5,2.4,60.9,1.419,0.56,Chris Boucher
Toronto Raptors ,1.8,4.4,40.9,0.9,2.6,35.0,0.5,0.7,77.3,0.9,1.8,49.1,1.146,0.51,Malachi Flynn PG
Toronto Raptors ,1.7,4.4,38.0,0.9,2.8,33.7,0.7,0.8,92.0,0.8,1.7,45.3,1.134,0.49,Gradey Dick
Toronto Raptors ,2.3,3.8,62.1,0.0,0.3,16.7,0.2,0.5,41.7,2.3,3.5,65.4,1.310,0.63,Thaddeus Young
Toronto Raptors ,1.6,4.3,36.8,0.8,2.3,33.3,0.7,0.8,91.7,0.8,2.0,40.6,1.074,0.46,Jontay Porter
Toronto Raptors ,1.1,3.3,33.7,0.3,1.6,21.2,0.4,0.6,70.0,0.8,1.6,46.2,0.913,0.39,Jalen McDaniels
Toronto Raptors ,0.9,2.2,42.4,0.5,1.5,34.8,0.2,0.2,100.0,0.4,0.7,60.0,1.182,0.55,Otto Porter Jr.
Toronto Raptors ,0.0,1.0,0.0,0.0,0.0,0.0,2.0,2.0,100.0,0.0,1.0,0.0,2.000,0.00,Markquis Nowell
Toronto Raptors ,0.5,1.3,38.1,0.1,0.6,22.2,0.3,0.4,83.3,0.4,0.8,50.0,1.095,0.43,Garrett Temple
Toronto Raptors ,0.5,1.5,33.3,0.0,0.0,0.0,0.0,0.0,0.0,0.5,1.5,33.3,0.667,0.33,Javon Freeman-Liberty
Toronto Raptors ,0.0,0.0,0.0,0.0,0.0,0.0,0.0,0.0,0.0,0.0,0.0,0.0,0.000,0.00,Kira Lewis Jr. PG
Toronto Raptors ,0.0,0.0,0.0,0.0,0.0,0.0,0.0,0.0,0.0,0.0,0.0,0.0,0.000,0.00,Ron Harper Jr.
Utah Jazz ,8.0,16.0,50.1,3.3,8.0,40.6,4.4,5.0,88.4,4.8,8.0,59.8,1.483,0.60,Lauri Markkanen
Utah Jazz ,5.9,12.3,48.2,1.5,4.0,38.7,4.1,4.7,87.1,4.4,8.3,52.7,1.420,0.54,Collin Sexton
Utah Jazz ,6.2,14.9,41.5,1.6,5.6,29.0,3.3,3.7,87.5,4.6,9.3,49.0,1.158,0.47,Jordan Clarkson
Utah Jazz ,5.7,10.9,52.2,1.2,3.5,34.3,1.8,2.3,78.1,4.5,7.4,60.8,1.322,0.58,John Collins
Utah Jazz ,3.6,9.3,38.6,1.7,5.2,33.3,2.4,3.0,82.1,1.9,4.1,45.3,1.223,0.48,Keyonte George
Utah Jazz ,3.9,9.5,40.6,1.2,3.5,32.8,1.7,2.2,77.0,2.7,6.0,45.2,1.114,0.47,Talen Horton-Tucker
Utah Jazz ,3.2,7.2,45.0,1.8,4.7,39.1,0.6,0.8,80.0,1.4,2.5,56.0,1.243,0.58,Simone Fontecchio F
Utah Jazz ,3.7,5.6,66.1,0.1,0.4,25.0,0.9,1.6,54.2,3.6,5.3,68.9,1.492,0.67,Walker Kessler
Utah Jazz ,2.9,5.2,56.2,0.7,1.7,42.9,1.6,1.9,84.2,2.2,3.5,62.6,1.574,0.63,Kelly Olynyk PF
Utah Jazz ,2.1,4.9,42.6,0.9,2.8,33.1,0.3,0.4,75.0,1.2,2.1,55.1,1.100,0.52,Ochai Agbaji G
Utah Jazz ,2.2,4.6,47.3,0.6,1.5,42.0,0.3,0.4,65.0,1.5,3.1,50.0,1.150,0.54,Kris Dunn
Utah Jazz ,1.7,4.5,38.1,0.9,2.6,35.1,0.4,0.6,75.0,0.8,1.9,42.3,1.063,0.48,Taylor Hendricks
Utah Jazz ,1.4,2.9,48.1,0.1,0.5,20.0,0.2,0.4,54.5,1.3,2.4,54.5,1.074,0.50,Omer Yurtseven
Utah Jazz ,0.9,2.5,36.7,0.2,1.0,21.7,0.7,0.9,81.0,0.7,1.5,45.9,1.100,0.41,Luka Samanic
Utah Jazz ,0.5,1.5,33.3,0.3,0.5,50.0,0.0,0.0,0.0,0.3,1.0,25.0,0.833,0.42,Brice Sensabaugh
Utah Jazz ,0.0,0.5,0.0,0.0,0.5,0.0,0.0,0.0,0.0,0.0,0.0,0.0,0.000,0.00,Micah Potter
Utah Jazz ,0.0,0.0,0.0,0.0,0.0,0.0,0.0,0.0,0.0,0.0,0.0,0.0,0.000,0.00,Jason Preston
Utah Jazz ,0.0,1.5,0.0,0.0,1.5,0.0,0.0,0.0,0.0,0.0,0.0,0.0,0.000,0.00,Johnny Juzang
Washington Wizards ,8.5,18.8,45.6,2.3,6.8,33.2,2.5,3.1,80.1,6.3,11.9,52.6,1.163,0.52,Kyle Kuzma
Washington Wizards ,5.7,14.1,40.4,1.9,6.3,30.0,2.6,3.0,85.9,3.8,7.7,49.0,1.125,0.47,Jordan Poole
Washington Wizards ,5.3,9.3,57.1,0.1,0.4,25.0,3.2,4.9,65.9,5.2,8.9,58.7,1.500,0.58,Marvin Bagley III PF
Washington Wizards ,4.8,9.4,51.5,1.1,2.7,39.3,2.3,3.0,74.7,3.8,6.7,56.5,1.386,0.57,Deni Avdija
Washington Wizards ,5.2,10.5,49.8,1.6,3.8,42.1,0.5,0.7,76.5,3.6,6.7,54.2,1.196,0.57,Tyus Jones
Washington Wizards ,4.3,8.8,48.9,2.0,5.5,36.2,1.4,1.8,77.8,2.3,3.4,69.6,1.358,0.60,Corey Kispert
Washington Wizards ,4.5,6.5,69.0,0.0,0.0,0.0,1.9,2.6,70.6,4.5,6.5,69.0,1.667,0.69,Daniel Gafford C
Washington Wizards ,3.0,6.7,45.3,1.0,2.7,37.1,1.4,2.0,70.6,2.0,3.9,51.0,1.271,0.53,Bilal Coulibaly
Washington Wizards ,2.7,6.1,44.9,1.2,3.4,36.4,0.9,1.1,79.5,1.5,2.7,55.2,1.243,0.55,Landry Shamet
Washington Wizards ,2.2,5.0,43.5,0.8,2.5,31.3,1.8,2.2,83.9,1.4,2.6,55.2,1.382,0.51,Danilo Gallinari PF
Washington Wizards ,1.8,3.5,50.6,0.3,1.0,27.3,1.0,1.3,75.9,1.5,2.6,59.3,1.358,0.54,Eugene Omoruyi
Washington Wizards ,1.6,2.9,56.0,0.6,1.4,41.7,0.7,0.9,80.0,1.1,1.5,69.2,1.560,0.66,Jared Butler
Washington Wizards ,1.5,3.8,39.5,0.5,1.2,37.8,0.8,0.9,82.8,1.1,2.6,40.2,1.109,0.45,Delon Wright
Washington Wizards ,1.3,2.5,52.0,0.2,0.3,66.7,1.3,1.7,76.5,1.1,2.2,50.0,1.640,0.56,Ryan Rollins
Washington Wizards ,1.4,3.8,36.7,0.6,2.1,27.5,0.6,0.8,75.0,0.8,1.6,48.7,1.056,0.44,Mike Muscala C
Washington Wizards ,0.9,2.4,39.0,0.6,1.3,45.5,0.5,0.7,66.7,0.4,1.1,31.6,1.220,0.51,Patrick Baldwin Jr.
Washington Wizards ,1.0,2.6,40.7,0.1,0.3,28.6,0.2,0.3,57.1,1.0,2.3,42.3,0.915,0.42,Johnny Davis
Washington Wizards ,0.8,1.6,48.9,0.1,0.4,25.0,0.4,0.6,75.0,0.7,1.2,57.1,1.298,0.52,Anthony Gill
Washington Wizards ,0.5,2.0,25.0,0.2,1.3,12.5,0.0,0.0,0.0,0.3,0.7,50.0,0.583,0.29,Jules Bernard
Washington Wizards ,0.5,1.0,50.0,0.0,0.0,0.0,0.0,0.0,0.0,0.5,1.0,50.0,1.000,0.50,Hamidou Diallo
Washington Wizards ,0.0,0.0,0.0,0.0,0.0,0.0,0.0,0.0,0.0,0.0,0.0,0.0,0.000,0.00,Trey Jemison C
